date,NetRF,NetInf,S65E,Palmer
1/4/2008,-0.318333333,144.38,151.63,-2.65
1/11/2008,-0.800833334,142.6971429,143.4971429,-2.87
1/18/2008,-0.404999999,194.3228571,131.2828571,-2.81
1/25/2008,-0.286666667,402.2728571,172.77,-2.6
2/1/2008,-0.936666666,165.5542857,100.3257143,-2.57
2/8/2008,-0.775833333,110.8085714,89.03571429,-2.86
2/15/2008,0.254166666,1006.088571,205.7571429,-2.75
2/22/2008,-0.629166667,973.6685714,129.6471429,-2.93
2/29/2008,-0.875833332,972.2371429,118.18,-2.71
3/7/2008,0.158333333,914.9157143,167.8071429,-2.46
3/14/2008,-0.53,1429.848571,531.7885714,-2.54
3/21/2008,-1.040833333,1758.968571,966.9771429,-2.72
3/28/2008,-0.315833334,1890.467143,1301.411429,-2.74
4/4/2008,-1.105833332,2235.291429,1534.935714,-2.38
4/11/2008,0.185833334,3331.624286,1790.474286,-1.74
4/18/2008,-1.324166668,2342.312857,1486.461429,-1.84
4/25/2008,-1.278333334,1168.635714,1072.437143,-1.99
5/2/2008,-1.396666666,518.8814286,577.3171429,-1.94
5/9/2008,-0.992500001,417.9642857,464.6171429,-2.12
5/16/2008,-1.525833334,425.4485714,420.5471429,-2.37
5/23/2008,-0.466666666,280.1514286,274.0214286,-2.41
5/30/2008,-0.965,145.4542857,93.18428571,-2.7
6/6/2008,-1.080833333,91.33285714,80.95714286,-2.77
6/13/2008,-0.969166666,54.28142857,64.82857143,-2.67
6/20/2008,-0.431666668,298.7085714,189.9814286,-2.7
6/27/2008,2.463333334,1239.291429,212.0257143,-2.45
7/4/2008,1.028333333,3298.341429,411.9557143,-2.2
7/11/2008,-0.246666666,3537.33,1039.48,-2.25
7/18/2008,-0.251666667,5215.235714,1160.465714,-1.77
7/25/2008,0.100833334,6720.602857,1945.592857,-1.72
8/1/2008,-0.58,7287.03,2258.864286,-1.21
8/8/2008,-0.270833334,5479.991429,2367.59,-1.28
8/15/2008,0.05,3733.22,1506.49,-1.45
8/22/2008,6.864166668,22004.1,6986.24,1.99
8/29/2008,1.306666667,31350.54,15147.69,1.96
9/5/2008,1.931666666,17652.06,11271.86857,1.46
9/12/2008,-0.529166668,9674.774286,6127.334286,1.11
9/19/2008,-0.169166667,3929.777143,3029.5,0.82
9/26/2008,0.6225,1978.477143,1418.027143,0.87
10/3/2008,1.1375,1531.515714,403.9828571,-1.29
10/10/2008,0.795,2349.668571,339.0542857,0.79
10/17/2008,0.1175,2351.807143,473.43,0.97
10/24/2008,0.0825,880.75,260.9642857,0.96
10/31/2008,0.515,542.6857143,47.64428571,0.91
11/7/2008,0.035,219.8357143,85.24714286,0.81
11/14/2008,0.0425,232.9585714,181.7671429,0.61
11/21/2008,0.0125,98.90857143,158.5657143,
11/28/2008,0.015,2.638571429,106.7514286,-1.44
12/5/2008,0.63,128.0557143,158.3428571,-1.15
12/12/2008,0.55,179.4271429,157.0628571,-1.04
12/19/2008,-0.44,416.07,250.6257143,-1.38
12/26/2008,-0.4375,173.83,85.54857143,-1.57
1/2/2009,-0.7325,144.6385714,104.8471429,-1.58
1/9/2009,-0.6075,124.5228571,129.74,-1.76
1/16/2009,-0.395,147.6785714,161.1828571,-1.82
1/23/2009,-0.75,82.25571429,146.4557143,-1.92
1/30/2009,-0.6025,154.6914286,168.4985714,-1.89
2/6/2009,-0.6975,70.09714286,94.01,-1.62
2/13/2009,-0.82,161.6957143,186.2214286,-1.86
2/20/2009,-0.9375,151.3328571,162.8957143,-1.99
2/27/2009,-1.04,129.3328571,143.0271429,-2.3
3/6/2009,-0.96,62.11571429,109.97,-2.21
3/13/2009,-1.15,43.72714286,118.1771429,-2.46
3/20/2009,-0.665,139.6228571,124.9985714,-2.69
3/27/2009,-0.9425,38.65714286,110.8285714,-2.87
4/3/2009,-0.46,294.7028571,368.94,-2.67
4/10/2009,-1.0525,-44.50285714,148.9728571,-2.7
4/17/2009,-1.08,33.48142857,158.0671429,-2.68
4/24/2009,-1.1775,18.69571429,102.0657143,-2.86
5/1/2009,-1.295,-57.32142857,132.0985714,-2.9
5/8/2009,-1.4175,235.0628571,356.3485714,-3.16
5/15/2009,-0.0525,188.2942857,271.3514286,-2.92
5/22/2009,0.4575,1226.685714,537.2242857,-1.38
5/29/2009,1.65,3836.927143,2429.93,-0.88
6/5/2009,-0.3225,6655.875714,4347.342857,-0.88
6/12/2009,-0.48,6658.82,3702.05,-0.99
6/19/2009,-0.8425,4471.825714,2873.758571,-1.1
6/26/2009,1.1075,4098.351429,2536.252857,-1.07
7/3/2009,3.0375,6582.017143,2798.152857,-0.59
7/10/2009,-0.7775,8546.992857,2778.847143,-0.88
7/17/2009,0.025,6891.425714,3107.642857,-0.99
7/24/2009,-0.5425,5424.897143,3757.331429,-1.08
7/31/2009,-0.2975,6275.698571,4058.317143,-0.7
8/7/2009,-0.5675,5930.532857,3403.841429,-1
8/14/2009,-0.53,5246.175714,3386.712857,-1.14
8/21/2009,-0.0075,3273.532857,1944.931429,-1.28
8/28/2009,-0.69,2396.425714,1730.907143,-1.17
9/4/2009,0.245,3739.124286,2083.74,-1.53
9/11/2009,-0.7775,4513.211429,2872.664286,-1.66
9/18/2009,-0.1275,4423.275714,3215.495714,-1.75
9/25/2009,-0.7475,3387.148571,2928.83,-1.64
10/2/2009,-0.94,2160.112857,1527.384286,-1.72
10/9/2009,0.12,739.5357143,468.74,-1.92
10/16/2009,-0.7525,457.4771429,397.0028571,-1.82
10/23/2009,-0.665,215.0671429,162.7971429,-1.96
10/30/2009,-0.845,32.14571429,60.10714286,-2.12
11/6/2009,-0.7825,145.9485714,176.3628571,
11/13/2009,-0.48,66.54857143,107.4885714,
11/20/2009,-0.6575,28.08714286,95.58714286,-2.03
11/27/2009,-0.1125,135.0214286,135.4414286,-1.92
12/4/2009,-0.275,209.3671429,189.9571429,-0.97
12/11/2009,0.2625,659.1242857,374.5042857,-0.57
12/18/2009,0.1725,451.1485714,300.3885714,0.84
12/25/2009,-0.4725,522.8971429,283.3057143,0.74
1/1/2010,-0.2975,266.5,219.44,0.88
1/8/2010,-0.5825,178.5471429,128.6028571,0.8
1/15/2010,-0.4375,368.7871429,214.6971429,0.73
1/22/2010,-0.34,571.8542857,400.4857143,0.81
1/29/2010,-0.115,599.3871429,530.0985714,0.71
2/5/2010,0.1175,1037.745714,880.41,0.85
2/12/2010,-0.21,1330.728571,1225.202857,1
2/19/2010,-0.7925,2661.33,2118.705714,0.84
2/26/2010,-0.295,2551.638571,2442.967143,0.74
3/5/2010,-0.4575,2130.008571,2044.957143,0
3/12/2010,2.35,2225.991429,1531.1,1.3
3/19/2010,-0.82,7848.395714,4579.405714,1.12
3/26/2010,-0.2025,4911.528571,3754.94,1.35
4/2/2010,0.6125,10267.77429,6019.84,1.55
4/9/2010,-1.01,7507.5,6542.577143,1.58
4/16/2010,-0.5025,4313.948571,3779.812857,1.44
4/23/2010,-0.4125,3724.941429,2677.352857,1.66
4/30/2010,1.515,5109.672857,2746.8,1.96
5/7/2010,-1.0875,4073.012857,3387.141429,1.84
5/14/2010,-1.02,2845.578571,2795.948571,1.59
5/21/2010,-0.5375,2737.714286,2159.804286,1.66
5/28/2010,-0.49,2227.425714,2262.658571,1.46
6/4/2010,0.7025,2439.641429,1579.428571,1.27
6/11/2010,-0.92,2301.214286,1572.251429,1.04
6/18/2010,-1.025,422.9985714,379.7128571,0.85
6/25/2010,-1.1575,500.4985714,410.9928571,0.74
7/2/2010,2.545,620.2385714,353.8342857,0.69
7/9/2010,1.035,6651.077143,1942.38,-0.72
7/16/2010,-0.7675,4235.575714,2245.405714,-1.07
7/23/2010,-0.645,1020.991429,498.4642857,-1.4
7/30/2010,-1.0075,810.0514286,318.7257143,-1.63
8/6/2010,-0.3475,539.77,278.7628571,
8/13/2010,1.0025,1465.987143,502.7228571,-1.97
8/20/2010,0.2375,1202.474286,497.96,-2.17
8/27/2010,0.305,3221.442857,1052.022857,-1.49
9/3/2010,-0.915,2756.975714,1805.758571,-1.93
9/10/2010,0.2675,3185.524286,1142.698571,-1.73
9/17/2010,-0.7575,2051.867143,846.0928571,-1.88
9/24/2010,-0.77,711,343.97,-2.18
10/1/2010,0.395,1145.165714,502.9728571,-2.24
10/8/2010,-0.8825,605.1142857,439.51,-2.84
10/15/2010,-0.7475,161.7428571,203.3185714,-2.85
10/22/2010,-0.4525,179.3942857,197.2114286,-2.84
10/29/2010,-0.635,75.26,124.5714286,-3.07
11/5/2010,0.09,205.4371429,171.65,-2.57
11/12/2010,-0.485,100.9028571,105.4371429,-2.73
11/19/2010,-0.5825,83.57714286,105.8914286,-2.56
11/26/2010,-0.48,148.5185714,137.0642857,-2.76
12/3/2010,-0.4475,109.3428571,112.3028571,-2.77
12/10/2010,-0.3025,36.65,87.32142857,
12/17/2010,-0.5175,-86.56714286,67.76714286,-2.93
12/24/2010,-0.18,209.6457143,165.4957143,-2.62
12/31/2010,-0.3575,-30.83285714,87.23,-2.46
1/7/2011,0.33,254.1828571,185.8242857,-2.45
1/14/2011,-0.59,176.6014286,113.2071429,-2.58
1/21/2011,-0.105,194.9428571,157.5928571,-2.28
1/28/2011,0.26,353.8385714,224.8385714,-2.01
2/4/2011,-0.5825,256.9671429,216.6471429,-2.1
2/11/2011,-0.2075,104.5928571,205.0642857,-2.06
2/18/2011,-0.5975,115.8742857,225.6642857,-2.23
2/25/2011,-0.6475,49.03571429,209.4514286,-2.51
3/4/2011,-0.475,76.51285714,114.0485714,-2.4
3/11/2011,0.09,59.96714286,120.1771429,-2.32
3/18/2011,-0.8675,20.33857143,98.71,-2.46
3/25/2011,-0.7025,-133.9142857,80.54142857,-2.71
4/1/2011,1.3275,657.1728571,359.7957143,
4/8/2011,-0.6175,999.0014286,934.1085714,-1.23
4/15/2011,-0.9825,865.9585714,1000.518571,-1.43
4/22/2011,-1.1575,711.7971429,870.6585714,-1.64
4/29/2011,-0.775,938.5585714,984.13,-1.71
5/6/2011,-1.0125,807.1028571,849.1985714,
5/13/2011,-1.1775,752.5071429,716.7714286,-2.23
5/20/2011,-0.62,678.6114286,602.95,-2.23
5/27/2011,-1.345,239.95,334.8928571,-2.55
6/3/2011,-1.32,121.1728571,180.5071429,
6/10/2011,-0.9775,-3.027142857,74.47142857,-3
6/17/2011,-0.205,7.398571429,60.25571429,-3.08
6/24/2011,-0.0175,79.63428571,0.042857143,-3.2
7/1/2011,1.8825,1571.402857,55.50285714,-2.8
7/8/2011,-0.045,2216.914286,570.8514286,-2.55
7/15/2011,0.1525,2654.844286,822.1328571,-2.57
7/22/2011,-0.3725,3956.068571,1471.825714,-2.84
7/29/2011,-0.45,2157.147143,632.48,-3.13
8/5/2011,-0.5425,853.3428571,385.0657143,
8/12/2011,0.1075,1357.851429,708.0014286,-3.13
8/19/2011,0.355,1946.548571,705.7385714,
8/26/2011,0.29,3389.202857,906.8685714,
9/2/2011,-0.2925,1829.921429,753.8128571,
9/9/2011,-0.08,2342.295714,1077.512857,-2.16
9/16/2011,-0.615,3827.714286,1830.494286,-2.52
9/23/2011,-0.11,1887.024286,1412.142857,-2.7
9/30/2011,0.2375,2617.087143,1368.59,-2.68
10/7/2011,-0.9,2612.648571,2104.984286,
10/14/2011,0.3475,16866.80143,12902.52,-1.57
10/21/2011,1.1375,21443.10714,16599.82286,-1.43
10/28/2011,-0.04,14159.55714,12053.97,-1.41
11/4/2011,0.47,9731.4,6265.827143,-0.74
11/11/2011,-0.61,4217.154286,3102.948571,-0.92
11/18/2011,-0.4575,2226.941429,1814.192857,-0.74
11/25/2011,-0.315,1684.56,1302.641429,-0.9
12/2/2011,-0.4875,839.5228571,739.63,-0.8
12/9/2011,-0.2075,640.9357143,558.2871429,-0.89
12/16/2011,-0.0125,1147.728571,604.3557143,-0.95
12/23/2011,-0.425,682.2071429,486.8814286,-1.2
12/30/2011,-0.4275,457.7442857,353.8214286,-1.37
1/6/2012,-0.6675,393.7857143,360.9257143,-1.28
1/13/2012,-0.5875,383.2571429,341.3714286,-1.45
1/20/2012,-0.6775,565.9371429,572.01,-1.59
1/27/2012,-0.5,809.4014286,830.2442857,-1.79
2/3/2012,-0.565,729.7442857,741.9528571,-1.93
2/10/2012,-0.2875,753.8828571,736.3557143,-1.37
2/17/2012,-0.595,811.4085714,794.8071429,-1.55
2/24/2012,-0.6625,850.8057143,851.22,-1.8
3/2/2012,-0.6575,785.2814286,790.1657143,-1.85
3/9/2012,0.17,613.9985714,594.6885714,-1.89
3/16/2012,-0.63,635.7442857,526.0614286,-2.07
3/23/2012,-0.8275,321.6642857,267.37,-2.26
3/30/2012,17997.0575,134.6885714,116.0257143,-2.47
4/6/2012,19996.92,-39.85,91.90142857,-2.5
4/13/2012,-1.42,-156.0114286,48.17428571,-2.73
4/20/2012,0.5225,-111.35,70.1,-2.87
4/27/2012,-0.8775,449.3414286,378.1042857,-2.73
5/4/2012,-0.6,222.92,277.0385714,-2.64
5/11/2012,-0.2275,214.2257143,122.7957143,-2.72
5/18/2012,0.405,837.1642857,133.2371429,-2.49
5/25/2012,-0.555,1028.251429,485.5871429,-2.78
6/1/2012,-0.415,1259.21,739.3214286,
6/8/2012,0.135,1156.155714,499.5328571,-1.73
6/15/2012,0.7975,940.5728571,250.4757143,-1.76
6/22/2012,-0.3925,693.6785714,203.3328571,-1.9
6/29/2012,0.3575,3368.148571,1103.034286,-1.09
7/6/2012,-1.1675,2180.052857,1037.144286,1.02
7/13/2012,-1.07,1213.241429,352.4557143,0.92
7/20/2012,0.1325,2240.475714,474.3242857,-1.06
7/27/2012,-0.67,2869.371429,525.35,-1.19
8/3/2012,-0.78,1427.67,288.7157143,-1.44
8/10/2012,0.005,1089.245714,240.0614286,-0.78
8/17/2012,-0.155,1492.084286,284.6971429,-0.73
8/24/2012,0.8125,3643.905714,742.2157143,
8/31/2012,7.0775,24118.77286,7853.458571,1.48
9/7/2012,0.6675,17102.94571,7800.164286,1.82
9/14/2012,-0.16,10834.10286,5831.154286,1.7
9/21/2012,0.4625,7843.041429,4331.184286,1.92
9/28/2012,-0.41,10670.36,5539.608571,1.67
10/5/2012,0.9925,7499.304286,4463.525714,2.08
10/12/2012,-0.49,10560.52714,5300.24,1.98
10/19/2012,-0.39,5589.917143,3095.221429,1.84
10/26/2012,-0.585,3495.101429,1564.387143,1.85
11/2/2012,-1.035,1889.284286,860.3528571,1.77
11/9/2012,-0.965,961.9942857,690.9085714,1.55
11/16/2012,-0.265,352.4785714,257.2985714,0.68
11/23/2012,-0.8225,339.33,238.0971429,-0.45
11/30/2012,-0.8325,346.83,350.34,0
12/7/2012,-0.7475,300.43,261.32,-0.7
12/14/2012,0.8225,2820.91,691.2771429,0
12/21/2012,-0.7675,1379.348571,960.9514286,0
12/28/2012,-0.715,521.3785714,420.9285714,0
1/4/2013,-0.7325,785.79,315.6142857,0
1/11/2013,0.1125,617.9942857,314.3828571,-0.51
1/18/2013,-0.69,250.2928571,213.7328571,-0.73
1/25/2013,-0.785,292.3742857,259.0257143,-0.9
2/1/2013,-0.86,258.07,276.8428571,-1.08
2/8/2013,-1,147.1442857,167.67,-1.36
2/15/2013,1.4325,516.3557143,237.1128571,-1.34
2/22/2013,-1.04,532.7471429,224.8771429,-1.56
3/1/2013,-0.715,351.8942857,215.3114286,-1.62
3/8/2013,-1.2025,171.4114286,179.9914286,-1.72
3/15/2013,-0.5375,85.57428571,157.6071429,-1.86
3/22/2013,-0.1625,273.8971429,211.3185714,
3/29/2013,-0.57,292.7628571,281.3985714,
4/5/2013,-0.0675,215.3657143,215.55,-1.61
4/12/2013,-1.2425,203.7042857,201.3,-1.81
4/19/2013,-1.205,217.0757143,185.6971429,-1.72
4/26/2013,-0.9525,371.38,228.7885714,-1.69
5/3/2013,0.945,669.1057143,400.6942857,-1.09
5/10/2013,-0.94,948.2485714,631.5128571,-1.09
5/17/2013,-0.6525,1054.255714,850.2085714,-1.25
5/24/2013,0.015,1060.062857,838.8414286,-1.12
5/31/2013,-0.8475,642.91,522.8785714,-1.24
6/7/2013,2.3075,2779.485714,773.5828571,1.01
6/14/2013,-0.505,6396.988571,1810.88,1.06
6/21/2013,-1.2425,3349.601429,1377.814286,1.05
6/28/2013,0.0475,3997.388571,1843.48,0.94
7/5/2013,2.825,12810.05571,4328.921429,1.71
7/12/2013,-0.675,10051.45857,5540.311429,1.51
7/19/2013,1.585,13634.01571,6600.044286,1.91
7/26/2013,0.7175,13963.86143,7342.485714,2.12
8/2/2013,0.0175,15147.75714,9183.315714,1.8
8/9/2013,0.3825,13340.18429,7333.811429,2.17
8/16/2013,-0.9725,8095.127143,5065.232857,1.76
8/23/2013,-0.1675,4506.561429,3020.357143,1.91
8/30/2013,-0.49,4645.162857,2763.957143,1.82
9/6/2013,-0.205,5378.782857,2918.424286,1.82
9/13/2013,-0.4575,4647.947143,2939.902857,1.57
9/20/2013,1.15,6453.99,2886.441429,1.66
9/27/2013,0.9975,6878.874286,2145.411429,1.95
10/4/2013,-0.9825,4220.971429,2548.381429,
10/11/2013,0.0275,2531.782857,1184.631429,
10/18/2013,-1.135,864.6642857,400.2457143,1.28
10/25/2013,-0.7475,731.9185714,403.8228571,1.19
11/1/2013,-1.0525,414.9028571,328.8228571,0.9
11/8/2013,-0.8275,340.7428571,276.2257143,0.88
11/15/2013,-0.685,267.3128571,275.02,0.57
11/22/2013,-0.285,452.76,321.5142857,0.69
11/29/2013,-0.46,510.3228571,314.6414286,0.63
12/6/2013,-0.5475,242.21,222.8785714,0.65
12/13/2013,-0.5925,202.4128571,210.3271429,-1.13
12/20/2013,-0.5075,201.3014286,235.7542857,-1.27
12/27/2013,-0.305,238.0142857,231.0242857,-1.53
1/3/2014,-0.1675,228.2871429,248.0914286,-1.3
1/10/2014,-0.035,467.3214286,249.1314286,-1.24
1/17/2014,-0.295,499.2757143,277.7571429,-1.29
1/24/2014,-0.46,273.1757143,279.8871429,-1.43
1/31/2014,1.2625,712.34,342.47,-0.9
2/7/2014,0.1875,1316.118571,649.4228571,-0.8
2/14/2014,0.19,1770.421429,1352.205714,-0.73
2/21/2014,-0.565,1520.445714,1330.888571,-0.95
2/28/2014,-0.25,1350.358571,1133.417143,-0.99
3/7/2014,-0.0625,1068.481429,1018.352857,-1.07
3/14/2014,-0.5675,641.2685714,584.8242857,-1.24
3/21/2014,-0.2775,868.6057143,817.0542857,-1.19
3/28/2014,0.5425,1298.847143,1087.27,-1.13
4/4/2014,-0.735,1116.484286,1034.965714,-0.94
4/11/2014,-0.7675,1222.177143,1285.561429,-0.97
4/18/2014,-0.2375,1292.884286,1285.785714,-0.83
4/25/2014,-1.0875,1247.902857,1162.62,
5/2/2014,-0.9075,814.5828571,679.7642857,0.38
5/9/2014,-0.1275,1751.688571,1258.651429,0.48
5/16/2014,-0.5025,1635.331429,1381.302857,-0.89
5/23/2014,-1.165,1353.16,1081.632857,-0.61
5/30/2014,-0.6275,624.28,487.3257143,-0.62
6/6/2014,-0.6775,705.4185714,334.1985714,0
6/13/2014,2.535,901.8471429,479.7057143,0
6/20/2014,2.3225,3426.084286,1340.084286,0.42
6/27/2014,-0.465,4471.56,1561.707143,0
7/4/2014,0.5775,3235.345714,1657.315714,-0.57
7/11/2014,0.3775,4347.101429,1442.491429,-0.46
7/18/2014,2.095,6127.917143,2340.26,0
7/25/2014,-0.2,7543.064286,3870.637143,0
8/1/2014,0.085,5527.738571,3990.942857,-0.43
8/8/2014,0.7475,5926.594286,3518.805714,0
8/15/2014,0.6775,6958.381429,3337.245714,0
8/22/2014,-0.31,6894.711429,4677.101429,-0.69
8/29/2014,-0.315,3655.091429,3206.138571,-1.08
9/5/2014,0.495,1264.56,1022.067143,-0.79
9/12/2014,-0.145,1933.098571,1041.927143,-0.85
9/19/2014,1.0975,2304.432857,1279.52,-0.59
9/26/2014,1.2175,7616.454286,2519.034286,0.59
10/3/2014,0.12,14357.28714,8570.674286,0.86
10/10/2014,-0.7575,7789.461429,6141.124286,0.86
10/17/2014,-0.2775,3818.131429,2396.36,
10/24/2014,2.355,2054.05,678.1442857,
10/31/2014,-0.81,1057.091429,510.5157143,
11/7/2014,-0.715,613.7742857,428.63,
11/14/2014,0.14,732.7114286,402.1385714,-0.43
11/21/2014,-0.275,434.2542857,335.3871429,0.68
11/28/2014,0.45,2038.02,748.7814286,1.31
12/5/2014,-0.325,2096.687143,1569.122857,1.28
12/12/2014,-0.39,2156.93,1811.287143,1.2
12/19/2014,-0.565,1724.39,1525.864286,1.02
12/26/2014,0.1075,2039.481429,1773.717143,0.93
1/2/2015,-0.2675,1929.78,1710.282857,0.77
1/9/2015,-0.26,1278.854286,1215.31,0.61
1/16/2015,0.185,1533.181429,1089.84,0.86
1/23/2015,-0.55,1994.388571,1789.087143,0.83
1/30/2015,-0.5375,2974.132857,2883.021429,0.72
2/6/2015,0.7825,3398.601429,3059.357143,0.99
2/13/2015,0.1525,4307.001429,3742.424286,1.14
2/20/2015,-0.7575,5633.32,5432.897143,1.16
2/27/2015,-0.5675,4012.664286,3854.194286,1.01
3/6/2015,-0.205,5811.46,5238.214286,1.31
3/13/2015,-0.525,5331.101429,5114.897143,1.04
3/20/2015,-0.915,2129.421429,2136.247143,0.73
3/27/2015,-0.1225,1255.927143,1273.955714,0.73
4/3/2015,-1.295,1114.432857,1029.698571,-0.67
4/10/2015,-0.8125,1076.334286,1081.548571,-0.99
4/17/2015,-0.085,2045.898571,1235.712857,-0.77
4/24/2015,0.0025,3328.23,2139.625714,-0.73
5/1/2015,-0.1925,4845.18,3752.991429,-1.07
5/8/2015,-1.1525,3049.891429,2510.158571,-0.98
5/15/2015,-1.2425,897.3414286,800.5657143,-1.17
5/22/2015,-1.0325,346.89,320.8657143,-1.28
5/29/2015,-1.0475,434.65,325.3428571,-1.45
6/5/2015,-0.065,233.3328571,287.8414286,-1.43
6/12/2015,1.165,608.72,384.74,-0.95
6/19/2015,-1.3425,882.4085714,476.7628571,-1.46
6/26/2015,-1.275,410.0742857,330.2057143,-1.75
7/3/2015,-0.5925,590.7857143,358.1028571,-2.07
7/10/2015,-0.29,1572.244286,687.7157143,-2.03
7/17/2015,-0.3125,1360.824286,795.7085714,-1.99
7/24/2015,-0.275,1321.517143,535.5157143,-1.91
7/31/2015,0.495,1434.921429,659.9771429,-1.37
8/7/2015,-0.275,1875.814286,848.4557143,-1.06
8/14/2015,-0.515,1883.728571,1223,-1.05
8/21/2015,-0.19,4316.835714,2037.965714,-0.93
8/28/2015,0.355,4778.698571,2996.618571,-1.03
9/4/2015,-0.355,9731.108571,4890.887143,
9/11/2015,0.9575,10469.70714,6024.562857,0
9/18/2015,1.02,12201.82429,5802.897143,0
9/25/2015,-0.8525,10754.72429,5657.085714,0
10/2/2015,-0.535,7061.518571,4188.525714,-0.76
10/9/2015,0.2075,4331.108571,3030.692857,-0.69
10/16/2015,-0.08,3535.984286,2331.894286,-0.71
10/23/2015,-0.6725,2352.208571,1819.191429,
10/30/2015,-0.475,1999.71,1731.111429,-0.86
11/6/2015,-0.65,1583.065714,1388.508571,-0.94
11/13/2015,0.12,982.5785714,864.9485714,-1
11/20/2015,0.845,899.5828571,599.5914286,-1.02
11/27/2015,0.12,2823.081429,1197.871429,-0.84
12/4/2015,0.76,1895.368571,783.9557143,0
12/11/2015,-0.165,3729.978571,1067.747143,0
12/18/2015,-0.1725,1563.984286,708.03,0
12/25/2015,0.16,1062.314286,549.4757143,-0.85
1/1/2016,-0.27,812.03,462.2,-1.06
1/8/2016,0.3175,819.56,477.3014286,-0.88
1/15/2016,0.5875,2290.46,927.2814286,0.59
1/22/2016,1.0925,7013.84,2679.787143,0.91
1/29/2016,3.7025,11535.29571,3131.601429,1.56
2/5/2016,-0.0825,12670.14143,3960.387143,1.51
2/12/2016,0.0025,7676.051429,4760.1,1.56
2/19/2016,0.245,5154.175714,3300.845714,1.55
2/26/2016,-0.305,4042.331429,2745.917143,1.57
3/4/2016,-0.6,4475.817143,3059.937143,1.41
3/11/2016,-0.6275,2235.015714,1841.541429,1.12
3/18/2016,-0.53,669.92,521.1771429,0.8
3/25/2016,0.46,726.6485714,497.9942857,0.78
4/1/2016,-0.1575,2979.312857,1858.47,0.69
4/8/2016,-0.9475,4853.894286,4552.878571,0.91
4/15/2016,-0.5375,3243.697143,3253.032857,0.75
4/22/2016,-0.8875,2012.008571,2062.702857,0.79
4/29/2016,-1.375,1665.444286,1723.404286,0.6
5/6/2016,-0.655,1122.737143,1161.775714,-1.05
5/13/2016,-1.1875,1512.774286,1526.831429,0.91
5/20/2016,3.51,4075.351429,1914.3,0.67
5/27/2016,-1.04,9511.638571,6989.318571,1.74
6/3/2016,-1.14,6202.231429,5736.894286,1.47
6/10/2016,2.46,6029.49,4153.641429,1.1
6/17/2016,-0.41,13756.84714,7776.275714,1.92
6/24/2016,-0.74,7267.128571,5033.464286,1.82
7/1/2016,0.65,5467.322857,3381.43,1.28
7/8/2016,-1.285,4153.468571,2097.801429,1.14
7/15/2016,-0.83,1761.715714,1168.787143,0.71
7/22/2016,0.0875,2063.31,1183.834286,0.73
7/29/2016,-0.8275,2637.965714,1203.092857,0.7
8/5/2016,-0.2425,1636.901429,1006.081429,
8/12/2016,1.515,2532.365714,1105.327143,-1.38
8/19/2016,-0.265,1931.605714,1097.008571,-0.99
8/26/2016,0.1275,1471.395714,903.6585714,-1.29
9/2/2016,2.175,3947.505714,1644.411429,-0.77
9/9/2016,-0.4925,8410.758571,3513.874286,1.04
9/16/2016,0.075,7226.048571,5242.558571,0.89
9/23/2016,-0.2575,8808.57,5644.281429,0.88
9/30/2016,0.0125,8189.371429,5340.085714,0.75
10/7/2016,1.265,9209.25,3967.298571,-0.72
10/14/2016,-0.81,6373.37,3822.614286,1.04
10/21/2016,-0.755,3306.495714,2510.422857,0.89
10/28/2016,-0.705,1687.37,1533.894286,0.73
11/4/2016,-0.4425,1120.094286,948.8885714,0.78
11/11/2016,-0.595,930.43,869.9,0.57
11/18/2016,-0.42,768.57,817.8571429,-0.67
11/25/2016,-0.3825,777.43,803.9885714,-0.84
12/2/2016,-0.1575,787.2342857,791.2585714,-0.93
12/9/2016,0.125,774.2471429,760.6642857,-0.95
12/16/2016,-0.2675,808.9714286,798.4157143,-1.2
12/23/2016,-0.3625,770.9485714,770.18,-1.38
12/30/2016,-0.2725,641.2314286,649.1028571,-1.63
1/6/2017,-0.4525,491.9171429,472.3685714,-1.63
1/13/2017,-0.5825,372.8442857,391.6457143,-1.7
1/20/2017,-0.39,374.0571429,376.1614286,-1.95
1/27/2017,-0.2225,510.4871429,413.1971429,-2.01
2/3/2017,-0.1275,479.0542857,418.2557143,-2.11
2/10/2017,-0.5075,625.7671429,593.3342857,-2.2
2/17/2017,-0.55,486.2385714,510.5157143,-2.41
2/24/2017,-0.02,796.9671429,745.2557143,-2.46
3/3/2017,-0.345,765.87,741.5214286,-2.23
3/10/2017,-0.71,711.0842857,743.9014286,-2.51
3/17/2017,-0.795,775.7271429,805.3385714,-2.52
3/24/2017,-0.4725,632.62,681.9342857,-2.74
3/31/2017,-1.105,393.4257143,449.0914286,-2.93
4/7/2017,-0.5375,311.2428571,313.3585714,-2.91
4/14/2017,-1.04,225.3928571,283.1942857,-3.15
4/21/2017,-1.26,319.1085714,265.3214286,-3.41
4/28/2017,-0.5125,258.7271429,238.8271429,-3.63
5/5/2017,0.18,427.78,260.4842857,-3.41
5/12/2017,-1.67,254.9385714,186.4885714,-3.58
5/19/2017,-1.4,102.92,173.7114286,-3.75
5/26/2017,-0.1175,242.6485714,175.42,-3.68
6/2/2017,-0.6,207.4085714,163.9185714,-3.43
6/9/2017,3.5275,4277.225714,274.95,-3.01
6/16/2017,0.425,3390.715714,451.54,-2.75
6/23/2017,0.435,5527.745714,1339.19,-2.8
6/30/2017,0.115,4702.458571,1719.76,-2.79
7/7/2017,-0.7025,3131.697143,1171.591429,-3.21
7/14/2017,-0.1075,1850.798571,777.0885714,-2.95
7/21/2017,0.5675,2174.585714,1223.98,-2.89
7/28/2017,-0.8175,2277.861429,1340.188571,-3.16
8/4/2017,1.4625,4200.071429,1904.204286,-1.6
8/11/2017,0.145,3607.717143,2387.567143,-1.81
8/18/2017,0.0175,4341.71,2254.735714,-1.82
8/25/2017,-0.355,3381.772857,2049.45,-2.02
9/1/2017,-0.1575,4084.705714,2216.864286,-1.59
9/8/2017,-0.465,5539.681429,2304.31,-1.79
9/15/2017,6.5925,32519.14714,9957.275714,2.54
9/22/2017,-1.2225,28270.01429,14121.32571,2.24
9/29/2017,-0.645,19210.65857,13569.64143,2.2
10/6/2017,1.63,22065.45857,13141.14286,2.15
10/13/2017,0.205,15164.01571,9197.387143,2.03
10/20/2017,-0.7825,8569.857143,5044.942857,1.97
10/27/2017,0.0425,5846.35,3430.652857,2.04
11/3/2017,1.5075,10461.14,4123.86,2.4
11/10/2017,-0.965,5213.892857,2824.682857,2.2
11/17/2017,-0.54,4321.787143,2122.831429,2.18
11/24/2017,-0.025,2981.932857,1576.954286,2.18
12/1/2017,-0.7,2034.661429,1132.888571,1.91
12/8/2017,0.0525,1475.71,624.7457143,2.13
12/15/2017,0.2475,2022.448571,866.7971429,2.02
12/22/2017,-0.64,1211.388571,849.0642857,1.74
12/29/2017,-0.505,1296.025714,802.2785714,1.52
1/5/2018,-0.35,1201.648571,758.3985714,1.51
1/12/2018,0.24,1011.665714,774.1957143,1.51
1/19/2018,-0.74,1043.231429,825.64,1.38
1/26/2018,-0.3275,754.3842857,669.7657143,1.2
2/2/2018,-0.71,990.4757143,841.6785714,1.17
2/9/2018,-0.215,1110.385714,990.1014286,1.32
2/16/2018,-0.825,1019.262857,991.8428571,1.06
2/23/2018,-0.875,1140.09,1146.131429,
3/2/2018,-0.875,869.1014286,834.7914286,-1.18
3/9/2018,-0.5525,523.4785714,500.9642857,-1.24
3/16/2018,-0.3175,306.9257143,353.7557143,-1.39
3/23/2018,-0.335,349.9757143,326.3671429,-1.45
3/30/2018,-0.62,447.8642857,332.5142857,-1.69
4/6/2018,-0.81,314.1157143,305.1285714,-1.81
4/13/2018,-0.8175,338.9385714,313.8914286,-1.61
4/20/2018,-1.1175,434.9914286,358.3842857,-1.64
4/27/2018,0.01,526.4342857,307.0242857,-1.59
5/4/2018,-1.43,288.7785714,248.2514286,-1.84
5/11/2018,-0.9,303.5057143,286.9757143,-1.84
5/18/2018,3.555,2497.535714,627.7985714,-0.75
5/25/2018,1.1225,5129.737143,1437.391429,1.4
6/1/2018,2.485,6349.545714,1942.228571,1.81
6/8/2018,-0.3075,5096.944286,2120.507143,2.06
6/15/2018,-0.265,4655.765714,2250.587143,1.96
6/22/2018,-1.215,4741.257143,2301.811429,1.69
6/29/2018,0.4375,5806.981429,2016.252857,1.82
7/6/2018,-0.235,4560.365714,1847.687143,1.9
7/13/2018,0.26,3944.962857,2205.37,1.61
7/20/2018,-1.045,4106.405714,2890.718571,1.49
7/27/2018,-0.5975,3310.108571,2295.961429,1.76
8/3/2018,-0.41,6115.967143,3989.565714,2.01
8/10/2018,0.215,5871.771429,4891.372857,1.72
8/17/2018,-0.26,5305.542857,4570.077143,1.57
8/24/2018,-0.365,4308.192857,3608.642857,1.61
8/31/2018,0.8775,4527.402857,2766.207143,1.44
9/7/2018,0.1375,5673.544286,4027.832857,1.19
9/14/2018,0.6275,4880.312857,4051.768571,1.14
9/21/2018,-0.6475,3053.075714,2338.312857,0.92
9/28/2018,-0.415,2730.451429,2199.695714,0.81
10/5/2018,-0.8925,1959.578571,1826.468571,-1.24
10/12/2018,0.615,1587.38,1555.878571,-1.32
10/19/2018,-0.91,1575.841429,1567.775714,-1.59
10/26/2018,-0.795,1283.624286,1351.342857,-1.73
11/2/2018,-0.135,344.2871429,431.5357143,-1.78
11/9/2018,-0.7575,415.7414286,372.6042857,-1.94
11/16/2018,-0.4175,345.4071429,344.84,-2.01
11/23/2018,-0.4075,306.9914286,327.8685714,-2.21
11/30/2018,-0.3525,238.5585714,306.25,-2.19
12/7/2018,0.14,276.7585714,296.7971429,-2.25
12/14/2018,-0.3275,222.16,274.0628571,-2.07
12/21/2018,0.355,259.1028571,247.6528571,-1.18
12/28/2018,-0.4125,165.0942857,215.6314286,-1.42
1/4/2019,-0.1,212.4142857,220.9328571,-1.37
1/11/2019,-0.335,89.52857143,238.6628571,-1.55
1/18/2019,-0.32,176.6842857,308.7642857,-1.71
1/25/2019,0.3775,401.88,416.8485714,-1.6
2/1/2019,1.86,1723.888571,1055.245714,-0.89
2/8/2019,-0.3975,1498.554286,1362.507143,0.93
2/15/2019,0.605,2407.695714,2102.64,1.01
2/22/2019,-0.195,3299.437143,3052.127143,0.7
3/1/2019,0.1525,2407.898571,2415.691429,0.63
3/8/2019,-0.1625,1388.654286,1408.397143,-0.5
3/15/2019,-0.4575,346.4285714,475.4428571,-0.78
3/22/2019,0.5525,736.2528571,744.1771429,-0.7
3/29/2019,-0.92,589.0371429,697.66,-0.9
4/5/2019,-0.6425,328.7314286,353.5957143,-0.78
4/12/2019,-0.8975,641.1314286,575.47,-0.94
4/19/2019,0.075,588.2057143,607.5485714,-0.75
4/26/2019,-1.085,419.1714286,482.3814286,-0.91
5/3/2019,-0.7,210.9214286,353.6085714,-0.98
5/10/2019,0.8825,796.1514286,580.45,0
5/17/2019,-0.8725,1094.388571,828.9942857,0
5/24/2019,-1.305,583.9128571,696.2685714,0
5/31/2019,-1.39,130.3914286,349.6471429,-1.13
6/7/2019,1.8825,168.2471429,226.9628571,-1.03
6/14/2019,1.6275,591.3785714,258.7785714,0.38
6/21/2019,0.2525,2342.535714,691.0728571,0.59
6/28/2019,-0.435,2015.387143,1435.491429,-0.6
7/5/2019,-0.2225,1807.697143,1439.102857,-1.45
7/12/2019,2.3425,1453.062857,865.4842857,-1.04
7/19/2019,-0.205,1872.182857,1197.771429,-1.14
7/26/2019,0.6925,1953.922857,1291.122857,-0.65
8/2/2019,1.5475,2708.645714,1295.917143,0.99
8/9/2019,1.105,5656.874286,2432.247143,1.04
8/16/2019,2.2875,10554.14857,4781.085714,1.8
8/23/2019,-0.475,14342.37143,8081.031429,1.53
8/30/2019,-0.3075,11189.97,7384.177143,1.36
9/6/2019,-0.1025,8127.21,6056.77,0.91
9/13/2019,-0.585,4175.958571,3698.535714,-0.63
9/20/2019,-0.645,2088.807143,1995.282857,-0.96
9/27/2019,-1.055,1190.311429,1299.834286,-1.34
10/4/2019,-0.905,384.6442857,531.7928571,-1.78
10/11/2019,0.7475,438.5957143,419.14,-1.57
10/18/2019,-0.455,324.7528571,369.51,-1.37
10/25/2019,0.3675,871.6957143,392.33,-1.27
11/1/2019,-0.6475,670.7942857,388.78,-1.43
11/8/2019,-0.0975,386.3242857,313.2128571,-1.57
11/15/2019,0.05,397.1385714,313.8657143,-1.63
11/22/2019,-0.34,270.9328571,307.3785714,-1.78
11/29/2019,-0.0675,346.0328571,342.4671429,-1.76
12/6/2019,-0.5075,232.2685714,301.6471429,-1.69
12/13/2019,0.6775,688.3985714,353.5885714,-1.62
12/20/2019,-0.07,1154.788571,361.7285714,-1.42
12/27/2019,0.055,894.1171429,390.66,-1.17
1/3/2020,0.145,2435.761429,529.4371429,-1.09
1/10/2020,-0.4725,657.5842857,411.6814286,-1.18
1/17/2020,-0.545,569.2614286,540.7714286,-1.42
1/24/2020,-0.4675,644.5828571,726.6242857,
1/31/2020,0.34,841.6042857,767.6642857,
2/7/2020,0.045,1262.088571,831.8671429,-1.07
2/14/2020,-0.6275,1345.507143,885.6928571,-1.3
2/21/2020,-0.3775,971.26,877.8214286,-1.51
2/28/2020,0.2425,924.2,914,-1.61
3/6/2020,0,795.5271429,884.8857143,-1.6
3/13/2020,0.025,789.8685714,864.6285714,-1.88
3/20/2020,-1.045,574.5928571,719.8671429,-2.23
3/27/2020,-1.14,387.7571429,529.7228571,-2.55
4/3/2020,-1.16,112.65,259.4042857,-2.68
4/10/2020,-0.9725,164.67,311.0942857,-2.86
4/17/2020,0.0925,111.9071429,255.9985714,-2.97
4/24/2020,-0.2475,508.5857143,347.3285714,-2.37
5/1/2020,0.5625,893.4428571,665.5171429,-2.44
5/8/2020,-1.5025,600.81,609.0257143,-2.68
5/15/2020,-0.8225,490.6457143,533.0614286,-2.72
5/22/2020,1.195,299.57,263.6142857,-2.67
5/29/2020,1.7525,2442.597143,779.5,-2.08
6/5/2020,2.225,4366.867143,1220.527143,-1.56
6/12/2020,-0.7725,6410.001429,2001.445714,-1.66
6/19/2020,-0.2075,2754.885714,1510.125714,-1.9
6/26/2020,-1.3225,3434.73,1569.551429,-2.21
7/3/2020,-0.97,1662.564286,1226.538571,-2.27
7/10/2020,1.285,2701.925714,1441.835714,-2.11
7/17/2020,0.5075,3282.407143,1975.41,-2.12
7/24/2020,0.88,4599.705714,3063.648571,-2.16
7/31/2020,0.8625,7893.228571,5295.05,-2.15
8/7/2020,1.495,7751.934286,5492.811429,-1.14
8/14/2020,0.06,8379.932857,5150.605714,-1.3
8/21/2020,1.065,5631.972857,3311.97,-1.26
8/28/2020,-0.47,5151.947143,3091.627143,-1.57
9/4/2020,0.3925,6073.788571,4342.225714,-1.65
9/11/2020,2.0075,6873.162857,3685.478571,-1.6
9/18/2020,0.7225,7568.864286,3799.751429,-1.53
9/25/2020,-0.16,8329.5,4732.714286,-1.65
10/2/2020,0.245,9149.968571,4964.792857,-1.46
10/9/2020,1.075,12025.54,5461.474286,-0.83
10/16/2020,0.4325,7536.202857,4091.904286,-0.97
10/23/2020,1.135,5048.468571,2249.928571,-0.9
10/30/2020,0.03,4021.247143,1436.592857,-0.92
11/6/2020,-0.135,2531.624286,952.4785714,-0.61
11/13/2020,1.835,6525.187143,1560.151429,1.33
11/20/2020,-0.585,3919.234286,1900.33,1.23
11/27/2020,-0.5025,2948.628571,1745.285714,1.14
12/4/2020,-0.4225,2624.528571,1573.265714,1.54
12/11/2020,0.6475,2824.264286,1587.844286,1.57
12/18/2020,-0.5025,2570.538571,1765.271429,1.48
12/25/2020,-0.4175,2257.012857,1456.06,1.58
1/1/2021,-0.6025,1489.638571,991.8757143,1.37
1/8/2021,-0.5625,1048.297143,837.5942857,1.25
1/15/2021,-0.3825,807.8042857,722.14,1.14
1/22/2021,-0.6725,928.4785714,795.3342857,0.97
1/29/2021,-0.7925,848.4757143,914.2442857,0.78
2/5/2021,-0.795,688.5628571,906.79,0.63
2/12/2021,-0.2725,1083.518571,930.0914286,0.62
2/19/2021,0.545,1998.572857,1025.961429,0.87
2/26/2021,-0.705,1356.488571,1046.32,0.65
3/5/2021,-0.77,950.2342857,947.6214286,-0.56
3/12/2021,-0.5025,916.7142857,919.9942857,-0.75
3/19/2021,-1.075,813.9257143,889.6971429,-0.96
3/26/2021,-0.9875,659.1514286,751.9271429,-1.22
4/2/2021,-0.6525,691.2328571,756.5814286,-1.25
4/9/2021,-1.095,624.8785714,710.6357143,-1.4
4/16/2021,0.0575,719.64,615.3885714,-1.06
4/23/2021,-0.14,1541.522857,957.2928571,-0.68
4/30/2021,-0.36,1061.147143,900.8942857,-1.03
5/7/2021,-0.425,747.1042857,807.3071429,-1.33
5/14/2021,-0.74,499.7557143,561.3628571,-1.49
5/21/2021,-1.3475,250.9257143,428.9228571,-1.73
5/28/2021,-1.465,13.35285714,243.0514286,-2.06
6/4/2021,-0.2475,278.3057143,302.4957143,-1.78
6/11/2021,-1.1975,307.5814286,264.6985714,-2.15
6/18/2021,0.5375,201.9485714,250.8071429,-2.17
6/25/2021,-0.1125,452.8985714,366.0271429,
7/2/2021,0.2575,1232.425714,781.8985714,-2.21
7/9/2021,1.425,4131.554286,1010.018571,-1.31
7/16/2021,0.495,3491.878571,1194.895714,-1.47
7/23/2021,-0.525,2629.438571,1303.108571,-1.62
7/30/2021,-0.15,3973.718571,1538.358571,-1.63
8/6/2021,1.04,4838.635714,1714.501429,-1.1
8/13/2021,1.465,5301.581429,1991.194286,-1.19
8/20/2021,0.1575,5372.351429,2353.564286,-1.58
8/27/2021,1.34,3273.46,2123.514286,-1.8
9/3/2021,-0.0375,3078.164286,1954.944286,-1.91
9/10/2021,1.195,2567.514286,1651.708571,-2.09
9/17/2021,1.0425,3514.054286,1659.89,-2.24
9/24/2021,0.47,7297.757143,2460,-2.15
10/1/2021,-0.9525,8963.228571,3242.86,-2.61
10/8/2021,-0.0525,4133.307143,2323.471429,-2.46
10/15/2021,-0.27,4700.944286,1895.45,-2.52
10/22/2021,-0.93,3032.771429,1783.54,-2.73
10/29/2021,-0.2375,2495.86,1656.997143,-2.44
11/5/2021,0.83,2266.921429,1440.521429,-2.41
11/12/2021,-0.0275,3371.895714,1495.697143,-1.91
11/19/2021,-0.545,2753.134286,1382.487143,-2.02
11/26/2021,-0.1525,1493.044286,684.8,-2.03
12/3/2021,-0.72,1000.457143,517.7457143,-1.05
12/10/2021,-0.4225,704.5457143,472.0285714,-1.31
12/17/2021,-0.105,679.5257143,391.4542857,-1.59
12/24/2021,-0.4325,634.0942857,390.2371429,-1.54
12/31/2021,-0.54,440.2185714,376.21,-1.59
1/7/2022,-0.515,513.35,361.4414286,-1.77
1/14/2022,-0.51,361.7757143,332.7714286,-1.94
1/21/2022,0.16,494.8328571,360.5328571,-1.9
1/28/2022,-0.3425,861.0328571,647.1885714,-1.94
2/4/2022,-0.7625,1053.188571,1037.475714,-2.35
2/11/2022,-0.15,1142.137143,1093.457143,-2.37
2/18/2022,-0.6225,1098.242857,1097.517143,-2.6
2/25/2022,-0.735,948.6814286,970.27,-2.83
3/4/2022,-0.76,477.9757143,536.7228571,-2.61
3/11/2022,-0.4425,236.9671429,290.6085714,-2.68
3/18/2022,0.035,553.0214286,553.63,-2.65
3/25/2022,-0.5625,716.8942857,809.4314286,-2.77
4/1/2022,-0.6,741.6171429,844.1714286,-2.85
4/8/2022,-0.52,842.3871429,941.4785714,-2.47
4/15/2022,-1.22,923.4914286,1046.811429,-2.36
4/22/2022,-1.425,1240.728571,1227.618571,-2.59
4/29/2022,-1.3675,1426.61,1556.54,-2.81
5/6/2022,-0.8025,1555.637143,1610.988571,-2.61
5/13/2022,-1.1025,1246.397143,1429.11,-2.68
5/20/2022,-0.635,1132.704286,1188,-2.81
5/27/2022,-1.3925,794.3228571,854.6757143,-3.1
6/3/2022,0.975,524.6371429,504.6028571,-2.47
6/10/2022,1.585,736.9985714,322.7742857,
6/17/2022,-1.3275,997.0871429,338.3571429,-2.67
6/24/2022,-0.3275,728.0157143,247.2242857,-3.08
7/1/2022,0.0075,1169.735714,390.4142857,-2.55
7/8/2022,-0.425,777.7385714,265.0642857,-2.94
7/15/2022,0.9,731.1971429,171.8614286,-2.99
7/22/2022,0.37,664.8157143,100.0042857,-3.16
7/29/2022,-0.18,356.9328571,107.1285714,-3.31
8/5/2022,-0.1675,278.4628571,223.4871429,-3.21
8/12/2022,-0.6425,80.85428571,87.85428571,-3.71
8/19/2022,0.2075,138.1171429,65.66571429,-4
8/26/2022,-0.785,272.1,236.3614286,-4.21
9/2/2022,-0.69,1037.568571,771.54,-4.22
9/9/2022,-0.5275,724.7728571,327.2614286,-3.52
9/16/2022,1.8775,1683.971429,423.41,-3.2
9/23/2022,-0.665,6680.068571,1418.438571,-3.02
9/30/2022,1.9775,14016.39286,5958.45,-1.1
10/7/2022,-1.0575,19212.96429,11142.37,-1.38
10/14/2022,0.82,16945.95857,13865.72,-1.5
10/21/2022,-0.5325,15707.77571,13264.55429,-1.51
10/28/2022,-0.96,10612.66714,9435.972857,-1.7
11/4/2022,-0.425,5396.858571,4616.02,-1.84
11/11/2022,1.18,4723.077143,2638.892857,-0.87
11/18/2022,-0.6,5305.682857,3029.767143,-1.03
11/25/2022,-0.0675,5218.234286,3123.215714,-0.89
12/2/2022,-0.4025,4292.548571,2936.641429,-0.72
12/9/2022,-0.5575,2522.62,1878.568571,-0.98
12/16/2022,0.1875,2149.415714,1580.192857,-0.98
12/23/2022,-0.18,2425.761429,1602.118571,-0.9
12/30/2022,-0.385,2168.61,1544.341429,-1.05
1/6/2023,-0.6325,2002.718571,1477.452857,-1.04
1/13/2023,-0.73,1711.86,1469.72,-1.18
1/20/2023,-0.805,1583.257143,1361.378571,-1.29
1/27/2023,-0.2325,1615.804286,1394.264286,-1.46
2/3/2023,-0.8,1498.667143,1413.455714,-1.27
2/10/2023,-0.1375,1404.898571,1416.454286,-1.37
2/17/2023,-0.8575,1367.691429,1343.828571,-1.57
2/24/2023,-0.94,1329.851429,1293.678571,-1.84
3/3/2023,-0.985,1135.278571,1132.397143,-1.27
3/10/2023,-1.065,668.17,743.1642857,-1.58
3/17/2023,-1.005,591.5642857,609.0414286,-1.74
3/24/2023,-0.81,458.8528571,529.0428571,-1.93
3/31/2023,-0.695,538.2414286,551.5128571,-2.24
