"","date","S72_PHOSPHATE, TOTAL AS P_mg/L","days"
"1",1973-04-16,0.096,16
"2",1973-04-23,0.092,23
"3",1973-04-30,0.083,29
"4",1973-05-07,0.087,36
"5",1973-05-14,0.12,43
"6",1973-05-21,0.11,50
"7",1973-05-29,0.031,58
"8",1973-06-04,0.16,64
"9",1973-06-11,0.16,71
"10",1973-06-18,0.15,78
"11",1973-06-25,0.31,85
"12",1973-07-02,0.568,92
"13",1973-07-09,0.528,99
"14",1973-07-16,0.36,106
"15",1973-07-23,0.41,113
"16",1973-08-06,0.688,127
"17",1973-08-13,0.192,134
"18",1973-08-20,0.184,141
"19",1973-08-27,0.281,148
"20",1973-09-04,0.299,156
"21",1973-09-10,0.293,162
"22",1973-09-17,0.246,169
"23",1973-09-24,0.2,176
"24",1973-10-01,0.327,183
"25",1973-10-08,0.135,190
"26",1973-10-15,0.056,197
"27",1973-10-23,0.104,205
"28",1973-10-29,0.103,212
"29",1973-11-13,0.13,227
"30",1973-11-26,0.098,240
"31",1973-12-11,0.14,255
"32",1973-12-17,0.089,261
"33",1974-01-29,0.09,303
"34",1974-02-27,0.07,332
"35",1974-03-21,0.07,354
"36",1974-05-13,0.069,407
"37",1974-05-28,0.14,422
"38",1974-06-10,0.277,435
"39",1974-06-24,0.41,449
"40",1974-07-08,0.355,463
"41",1974-07-22,0.218,477
"42",1974-08-05,0.086,491
"43",1974-08-19,0.227,505
"44",1974-09-03,0.142,520
"45",1974-09-16,0.106,533
"46",1974-09-30,0.161,547
"47",1974-10-14,0.101,561
"48",1974-10-28,0.097,576
"49",1974-11-12,0.06,591
"50",1974-11-25,0.098,604
"51",1974-12-09,0.085,618
"52",1974-12-23,0.063,632
"53",1975-01-06,0.097,646
"54",1975-01-21,0.061,661
"55",1975-02-03,0.042,674
"56",1975-02-17,0.077,688
"57",1975-03-03,0.072,701
"58",1975-03-17,0.065,715
"59",1975-03-31,0.063,729
"60",1975-04-14,0.065,743
"61",1975-04-29,0.029,758
"62",1975-05-27,0.036,786
"63",1975-06-09,0.36,799
"64",1975-06-16,0.404,806
"65",1975-06-24,0.51,814
"66",1975-06-30,0.461,820
"67",1975-07-07,0.345,827
"68",1975-07-15,0.345,835
"69",1975-07-22,0.298,842
"70",1975-07-28,0.353,848
"71",1975-08-04,0.384,855
"72",1975-08-11,0.363,862
"73",1975-08-18,0.205,869
"74",1975-08-25,0.018,876
"75",1975-09-02,0.172,884
"76",1975-09-09,0.139,891
"77",1975-09-15,0.207,897
"78",1975-09-25,0.18,907
"79",1975-09-29,0.15,911
"80",1975-10-06,0.212,918
"81",1975-10-13,0.204,925
"82",1975-10-21,0.14,933
"83",1975-10-27,0.112,940
"84",1975-11-04,0.108,948
"85",1975-11-17,0.076,961
"86",1975-12-01,0.05,975
"87",1975-12-15,0.034,989
"88",1975-12-29,0.051,1003
"89",1976-01-12,0.048,1017
"90",1976-01-28,0.031,1033
"91",1976-02-09,0.033,1045
"92",1976-02-20,0.031,1056
"93",1976-03-08,0.03,1073
"94",1976-03-23,0.04,1088
"95",1976-04-05,0.033,1101
"96",1976-04-19,0.039,1115
"97",1976-05-03,0.037,1128
"98",1976-05-17,0.062,1142
"99",1976-06-01,0.083,1157
"100",1976-06-14,0.227,1170
"101",1976-06-28,0.191,1184
"102",1976-07-12,0.154,1198
"103",1976-07-26,0.219,1212
"104",1976-08-09,0.179,1226
"105",1976-08-23,0.111,1240
"106",1976-09-07,0.103,1255
"107",1976-09-20,0.11,1268
"108",1976-10-04,0.11,1282
"109",1976-10-18,0.094,1296
"110",1976-11-01,0.065,1311
"111",1976-11-15,0.071,1325
"112",1976-11-29,0.032,1339
"113",1976-12-27,0.063,1367
"114",1977-01-10,0.073,1381
"115",1977-01-24,0.082,1395
"116",1977-02-07,0.077,1409
"117",1977-03-07,0.073,1437
"118",1977-03-21,0.065,1451
"119",1977-04-04,0.081,1465
"120",1977-04-19,0.066,1480
"121",1977-05-02,0.074,1492
"122",1977-05-16,0.066,1506
"123",1977-05-31,0.051,1521
"124",1977-06-13,0.144,1534
"125",1977-06-27,0.124,1548
"126",1977-07-11,0.155,1562
"127",1977-07-25,0.146,1576
"128",1977-08-08,0.156,1590
"129",1977-08-22,0.345,1604
"130",1977-09-06,0.344,1619
"131",1977-09-19,0.433,1632
"132",1977-10-03,0.303,1646
"133",1977-10-17,0.235,1660
"134",1977-10-31,0.21,1675
"135",1977-11-21,0.162,1696
"136",1977-12-05,0.29,1710
"137",1977-12-19,0.251,1724
"138",1978-01-04,0.12,1740
"139",1978-01-16,0.102,1752
"140",1978-01-30,0.078,1766
"141",1978-02-13,0.06,1780
"142",1978-02-27,0.067,1794
"143",1978-03-13,0.215666666666667,1808
"144",1978-03-27,0.107,1822
"145",1978-04-10,0.077,1836
"146",1978-04-24,0.072,1850
"147",1978-05-08,0.07,1863
"148",1978-05-22,0.07,1877
"149",1978-06-05,0.068,1891
"150",1978-06-19,0.08,1905
"151",1978-07-05,0.13,1921
"152",1978-07-17,0.196,1933
"153",1978-07-31,0.202,1947
"154",1978-08-14,0.126,1961
"155",1978-08-28,0.124,1975
"156",1978-09-11,0.217,1989
"157",1978-09-25,0.092,2003
"158",1978-10-09,0.099,2017
"159",1978-10-23,0.099,2031
"160",1978-11-20,0.091,2060
"161",1978-12-04,0.085,2074
"162",1978-12-19,0.081,2089
"163",1979-01-08,0.19,2109
"164",1979-01-22,0.3,2123
"165",1979-02-05,0.147,2137
"166",1979-02-20,0.112,2152
"167",1979-03-05,0.101,2165
"168",1979-03-19,0.093,2179
"169",1979-04-02,0.096,2193
"170",1979-04-16,0.096,2207
"171",1979-04-30,0.108,2220
"172",1979-05-14,0.115,2234
"173",1979-05-29,0.461,2249
"174",1979-06-11,0.206,2262
"175",1979-06-25,0.224,2276
"176",1979-07-09,0.137,2290
"177",1979-07-23,0.179,2304
"178",1979-08-06,0.377,2318
"179",1979-08-20,0.17,2332
"180",1979-09-05,0.251,2348
"181",1979-09-18,0.299,2361
"182",1979-10-01,0.253,2374
"183",1979-10-15,0.177,2388
"184",1979-10-29,0.132,2403
"185",1979-11-14,0.139,2419
"186",1979-12-12,0.182,2447
"187",1980-01-08,0.156,2474
"188",1980-01-23,0.085,2489
"189",1980-02-05,0.0896666666666667,2502
"190",1980-02-20,0.089,2517
"191",1980-03-04,0.074,2530
"192",1980-03-19,0.081,2545
"193",1980-04-02,0.074,2559
"194",1980-04-17,0.127,2574
"195",1980-04-30,0.097,2586
"196",1980-05-13,0.089,2599
"197",1980-05-28,0.302,2614
"198",1980-06-09,0.139,2626
"199",1980-06-25,0.15,2642
"200",1980-07-08,0.132,2655
"201",1980-07-24,0.231,2671
"202",1980-08-04,0.347,2682
"203",1980-08-20,0.276,2698
"204",1980-09-03,0.241,2712
"205",1980-09-17,0.248,2726
"206",1980-10-01,0.327,2740
"207",1980-10-14,0.191,2753
"208",1980-10-29,0.187,2769
"209",1980-11-12,0.276,2783
"210",1980-12-02,0.132,2803
"211",1980-12-31,0.101,2832
"212",1981-01-14,0.084,2846
"213",1981-01-27,0.138,2859
"214",1981-02-11,0.071,2874
"215",1981-02-24,0.101,2887
"216",1981-03-10,0.098,2901
"217",1981-03-24,0.081,2915
"218",1981-04-08,0.098,2930
"219",1981-04-21,0.083,2943
"220",1981-05-06,0.089,2957
"221",1981-05-19,0.104,2970
"222",1981-06-02,0.089,2984
"223",1981-06-30,0.109,3012
"224",1981-07-16,0.214666666666667,3028
"225",1981-07-28,0.375,3040
"226",1981-08-12,0.308,3055
"227",1981-08-25,0.203,3068
"228",1981-09-10,0.267,3084
"229",1981-09-23,0.267,3097
"230",1981-10-06,0.206,3110
"231",1981-10-20,0.177,3124
"232",1981-11-04,0.274,3140
"233",1981-12-02,0.299,3168
"234",1981-12-29,0.083,3195
"235",1982-02-24,0.124,3252
"236",1982-04-05,0.917,3292
"237",1982-05-04,0.177,3320
"238",1982-06-01,0.387,3348
"239",1982-06-14,0.556,3361
"240",1982-07-01,0.26,3378
"241",1982-07-12,0.193,3389
"242",1982-07-27,0.217,3404
"243",1982-08-09,0.179,3417
"244",1982-08-25,0.193,3433
"245",1982-09-09,0.185,3448
"246",1982-09-21,0.192,3460
"247",1982-10-05,0.15,3474
"248",1982-10-20,0.162,3489
"249",1982-11-22,0.096,3523
"250",1982-12-22,0.111,3553
"251",1983-01-18,0.096,3580
"252",1983-02-17,0.223,3610
"253",1983-03-02,0.262,3623
"254",1983-03-15,0.11,3636
"255",1983-03-29,0.117,3650
"256",1983-04-15,0.13,3667
"257",1983-04-26,0.113,3677
"258",1983-06-21,0.167,3733
"259",1983-07-06,0.138,3748
"260",1983-07-19,0.119,3761
"261",1983-08-16,0.196,3789
"262",1983-09-27,0.207,3831
"263",1984-02-28,0.164,3986
"264",1984-03-27,0.162,4014
"265",1984-06-04,0.177,4082
"266",1984-07-31,0.27,4139
"267",1984-08-27,0.281,4166
"268",1984-09-25,0.126,4195
"269",1984-10-23,0.167,4223
"270",1984-11-19,0.133,4251
"271",1984-12-18,0.084,4280
"272",1985-01-15,0.067,4308
"273",1985-02-26,0.061,4350
"274",1985-03-26,0.124,4378
"275",1985-04-23,0.082,4406
"276",1985-05-20,0.152,4432
"277",1985-06-19,0.126,4462
"278",1985-07-30,0.357,4503
"279",1985-08-27,0.467,4531
"280",1985-09-24,0.345,4559
"281",1985-10-22,0.413,4587
"282",1985-11-05,0.153,4602
"283",1985-12-03,0.1,4630
"284",1986-01-14,0.058,4672
"285",1986-02-12,0.06,4701
"286",1986-02-25,0.073,4714
"287",1986-03-25,0.26,4742
"288",1986-04-08,0.075,4756
"289",1986-05-06,0.073,4783
"290",1986-06-17,0.123,4825
"291",1986-07-29,0.327,4867
"292",1986-08-26,0.384,4895
"293",1986-09-23,0.226,4923
"294",1986-10-21,0.165,4951
"295",1986-11-18,0.185,4980
"296",1986-12-18,0.083,5010
"297",1987-01-22,0.239,5045
"298",1987-02-18,0.07,5072
"299",1987-03-31,0.112,5113
"300",1987-04-28,0.071,5140
"301",1987-05-26,0.151,5168
"302",1987-06-10,0.086,5183
"303",1987-07-21,0.53,5224
"304",1987-08-18,0.36,5252
"305",1987-09-29,0.375,5294
"306",1987-10-13,0.262,5308
"307",1987-11-24,0.223,5351
"308",1988-01-19,0.127,5407
"309",1988-02-16,0.219,5435
"310",1988-03-01,0.066,5449
"311",1988-04-26,0.083,5504
"312",1988-05-10,0.075,5518
"313",1988-06-21,0.163,5560
"314",1988-07-19,0.16,5588
"315",1988-09-13,0.132,5644
"316",1988-10-11,0.128,5672
"317",1988-11-22,0.316,5715
"318",1988-12-06,0.108,5729
"319",1989-01-18,0.091,5772
"320",1989-02-28,0.089,5813
"321",1989-03-28,0.078,5841
"322",1989-04-11,0.086,5854
"323",1989-05-24,0.087,5897
"324",1989-06-20,0.07,5924
"325",1989-07-19,0.366,5953
"326",1989-08-30,0.383,5995
"327",1989-09-27,0.243,6023
"328",1989-10-25,0.133,6051
"329",1989-11-20,0.195,6078
"330",1989-12-18,0.231,6106
"331",1990-01-30,0.072,6149
"332",1990-03-01,0.119,6179
"333",1990-03-26,0.082,6204
"334",1990-04-23,0.061,6231
"335",1990-05-23,0.069,6261
"336",1990-06-19,0.271,6288
"337",1990-07-17,0.29,6316
"338",1990-07-31,0.181,6330
"339",1990-08-29,0.151,6359
"340",1990-09-26,0.329,6387
"341",1990-10-24,0.089,6415
"342",1990-11-19,0.088,6442
"343",1990-12-18,0.049,6471
"344",1991-01-29,0.301,6513
"345",1991-02-27,0.085,6542
"346",1991-03-26,0.127,6569
"347",1991-04-23,0.092,6596
"348",1991-05-22,0.12,6625
"349",1991-06-17,0.105,6651
"350",1991-07-29,0.138,6693
"351",1991-08-29,0.202,6724
"352",1991-09-30,0.17,6756
"353",1991-10-08,0.195,6764
"354",1991-11-18,0.073,6806
"355",1992-01-29,0.056,6878
"356",1992-02-26,0.075,6906
"357",1992-03-24,0.064,6933
"358",1992-04-21,0.051,6960
"359",1992-05-19,0.092,6988
"360",1992-07-01,0.398,7031
"361",1992-07-13,0.218,7043
"362",1992-08-26,0.209,7087
"363",1992-09-22,0.139,7114
"364",1992-10-20,0.086,7142
"365",1992-11-17,0.077,7171
"366",1992-12-30,0.0956666666666667,7214
"367",1993-01-27,0.133,7242
"368",1993-02-23,0.069,7269
"369",1993-03-22,0.217,7296
"370",1993-04-20,0.074,7324
"371",1993-05-20,0.085,7354
"372",1993-06-28,0.112,7393
"373",1993-07-28,0.548,7423
"374",1993-08-24,0.15725,7450
"375",1993-09-20,0.173,7477
"376",1993-10-18,0.577,7505
"377",1993-11-15,0.117,7534
"378",1993-12-13,0.168,7562
"379",1994-01-18,0.139,7598
"380",1994-02-14,0.089,7625
"381",1994-03-14,0.199,7653
"382",1994-04-11,0.087,7680
"383",1994-05-17,0.132,7716
"384",1994-07-18,0.1135,7778
"385",1994-08-16,0.09,7807
"386",1994-08-29,0.159,7820
"387",1994-09-12,0.147,7834
"388",1994-09-26,0.15,7848
"389",1994-10-10,0.099,7862
"390",1994-10-24,0.089,7876
"391",1994-11-07,0.096,7891
"392",1994-11-22,0.062,7906
"393",1994-12-05,0.091,7919
"394",1994-12-19,0.082,7933
"395",1995-01-04,0.092,7949
"396",1995-01-18,0.061,7963
"397",1995-01-30,0.06,7975
"398",1995-02-27,0.142,8003
"399",1995-03-13,0.075,8017
"400",1995-03-27,0.131,8031
"401",1995-04-10,0.235,8044
"402",1995-04-24,0.103,8058
"403",1995-05-22,0.128,8086
"404",1995-06-19,0.104,8114
"405",1995-07-05,0.255,8130
"406",1995-07-17,0.143,8142
"407",1995-08-03,0.194,8159
"408",1995-08-14,0.208,8170
"409",1995-08-29,0.253,8185
"410",1995-09-11,0.115,8198
"411",1995-09-26,0.088,8213
"412",1995-10-09,0.36,8226
"413",1995-10-25,0.252,8242
"414",1995-11-06,0.098,8255
"415",1995-11-20,0.05,8269
"416",1995-12-04,0.07,8283
"417",1996-01-02,0.074,8312
"418",1996-01-29,0.066,8339
"419",1996-02-12,0.049,8353
"420",1996-02-26,0.049,8367
"421",1996-03-25,0.055,8395
"422",1996-04-22,0.054,8422
"423",1996-05-20,0.091,8450
"424",1996-06-03,0.259,8464
"425",1996-06-18,0.312,8479
"426",1996-07-01,0.251,8492
"427",1996-08-13,0.164,8535
"428",1996-09-09,0.195,8562
"429",1996-09-23,0.194,8576
"430",1996-11-04,0.098,8619
"431",1996-12-02,0.073,8647
"432",1996-12-30,0.044,8675
"433",1997-01-13,0.064,8689
"434",1997-01-27,0.048,8703
"435",1997-02-24,0.079,8731
"436",1997-03-24,0.077,8759
"437",1997-04-07,0.096,8772
"438",1997-04-21,0.087,8786
"439",1997-05-19,0.235,8814
"440",1997-06-16,0.281,8842
"441",1997-07-14,0.322,8870
"442",1997-08-11,0.187,8898
"443",1997-08-28,0.229,8915
"444",1997-09-22,0.355,8940
"445",1997-10-20,0.191,8968
"446",1997-11-17,0.13,8997
"447",1997-12-22,0.245,9032
"448",1998-01-05,0.285,9046
"449",1998-01-20,0.305,9061
"450",1998-02-17,0.11,9089
"451",1998-03-02,0.126,9102
"452",1998-03-16,0.104,9116
"453",1998-04-06,0.134,9136
"454",1998-05-18,0.149,9178
"455",1998-06-15,0.119,9206
"456",1998-07-27,0.426,9248
"457",1998-08-10,0.351,9262
"458",1998-08-24,0.184,9276
"459",1998-09-08,0.251,9291
"460",1998-09-21,0.296,9304
"461",1998-10-19,0.178,9332
"462",1998-11-16,0.255,9361
"463",1998-12-28,0.114,9403
"464",1999-01-25,0.084,9431
"465",1999-02-22,0.07,9459
"466",1999-03-22,0.073,9487
"467",1999-04-19,0.111,9514
"468",1999-05-17,0.053,9542
"469",1999-06-21,0.258,9577
"470",1999-07-12,0.254,9598
"471",1999-07-26,0.142,9612
"472",1999-08-23,0.209,9640
"473",1999-09-20,0.243,9668
"474",1999-10-04,0.258,9682
"475",1999-10-18,0.216,9696
"476",1999-11-15,0.121,9725
"477",1999-12-27,0.125,9767
"478",2000-01-24,0.089,9795
"479",2000-02-22,0.06,9824
"480",2000-03-20,0.081,9851
"481",2000-04-17,0.056,9878
"482",2000-05-15,0.0915,9906
"483",2000-06-26,0.073,9948
"484",2000-07-24,0.126,9976
"485",2000-08-21,0.217,10004
"486",2000-09-18,0.484,10032
"487",2000-10-16,0.254,10060
"488",2000-11-13,0.076,10089
"489",2000-12-04,0.079,10110
"490",2000-12-18,0.156,10124
"491",2001-01-22,0.17,10159
"492",2001-02-20,0.091,10188
"493",2001-03-19,0.194,10215
"494",2001-04-02,0.087,10228
"495",2001-04-16,0.157,10242
"496",2001-05-14,0.101,10270
"497",2001-06-18,0.277,10305
"498",2001-07-16,0.286,10333
"499",2001-07-30,0.21,10347
"500",2001-08-13,0.285,10361
"501",2001-08-27,0.422,10375
"502",2001-09-10,0.394,10389
"503",2001-10-08,0.237,10417
"504",2001-10-22,0.108,10431
"505",2001-11-05,0.184,10446
"506",2001-12-03,0.152,10474
"507",2002-01-22,0.136,10524
"508",2002-02-19,0.113,10552
"509",2002-03-18,0.087,10579
"510",2002-04-15,0.082,10606
"511",2002-05-13,0.075,10634
"512",2002-06-13,0.0835,10665
"513",2002-06-20,0.0723333333333333,10672
"514",2002-06-24,0.238,10676
"515",2002-06-27,0.218,10679
"516",2002-07-03,0.208,10685
"517",2002-07-08,0.299,10690
"518",2002-07-11,0.215333333333333,10693
"519",2002-07-18,0.13,10700
"520",2002-07-22,0.205,10704
"521",2002-07-25,0.23,10707
"522",2002-08-01,0.181,10714
"523",2002-08-05,0.194,10718
"524",2002-08-07,0.167,10720
"525",2002-08-14,0.107,10727
"526",2002-08-19,0.215,10732
"527",2002-08-22,0.223333333333333,10735
"528",2002-08-29,0.128,10742
"529",2002-09-03,0.313,10747
"530",2002-09-05,0.1195,10749
"531",2002-09-12,0.1105,10756
"532",2002-09-16,0.185,10760
"533",2002-09-19,0.205,10763
"534",2002-09-26,0.14425,10770
"535",2002-10-03,0.106333333333333,10777
"536",2002-10-10,0.169,10784
"537",2002-10-14,0.138,10788
"538",2002-10-17,0.066,10791
"539",2002-10-23,0.076,10797
"540",2002-10-28,0.149,10803
"541",2002-10-31,0.1415,10806
"542",2002-11-14,NA,10820
"543",2002-11-21,0.227666666666667,10827
"544",2002-11-25,0.264,10831
"545",2002-11-27,0.282,10833
"546",2002-12-04,0.1675,10840
"547",2002-12-11,0.1475,10847
"548",2002-12-19,0.26,10855
"549",2002-12-26,0.188,10862
"550",2002-12-30,0.218,10866
"551",2003-01-02,0.172,10869
"552",2003-01-09,0.118,10876
"553",2003-01-13,0.212,10880
"554",2003-01-16,0.140333333333333,10883
"555",2003-01-23,0.101333333333333,10890
"556",2003-01-27,0.1285,10894
"557",2003-01-30,0.127,10897
"558",2003-02-05,NA,10903
"559",2003-02-13,0.0676666666666667,10911
"560",2003-02-20,NA,10918
"561",2003-02-24,0.0856666666666667,10922
"562",2003-02-27,0.0916666666666667,10925
"563",2003-03-05,NA,10931
"564",2003-03-20,0.3275,10946
"565",2003-03-24,0.437,10950
"566",2003-03-27,0.227333333333333,10953
"567",2003-04-02,0.2165,10959
"568",2003-04-21,0.142,10977
"569",2003-04-30,0.0776666666666667,10986
"570",2003-05-08,0.1175,10994
"571",2003-05-19,0.169,11005
"572",2003-05-21,0.119666666666667,11007
"573",2003-05-29,0.0823333333333333,11015
"574",2003-06-02,0.213,11019
"575",2003-06-04,0.2425,11021
"576",2003-06-12,0.2365,11029
"577",2003-06-16,0.347,11033
"578",2003-06-19,0.134666666666667,11036
"579",2003-06-26,0.241,11043
"580",2003-07-03,0.111,11050
"581",2003-07-10,0.1645,11057
"582",2003-07-17,0.1405,11064
"583",2003-07-21,0.107,11068
"584",2003-07-24,0.130333333333333,11071
"585",2003-07-31,0.233,11078
"586",2003-08-07,0.195333333333333,11085
"587",2003-08-13,0.155333333333333,11091
"588",2003-08-18,0.253,11096
"589",2003-08-20,0.206666666666667,11098
"590",2003-08-27,0.108,11105
"591",2003-09-04,0.218,11113
"592",2003-09-11,0.257,11120
"593",2003-09-15,0.203,11124
"594",2003-09-18,0.2055,11127
"595",2003-09-24,0.1285,11133
"596",2003-10-02,0.292,11141
"597",2003-10-06,0.282,11145
"598",2003-10-08,0.2825,11147
"599",2003-10-16,0.174,11155
"600",2003-10-20,0.115,11159
"601",2003-10-23,0.175,11162
"602",2003-10-29,0.072,11169
"603",2003-11-06,0.07,11177
"604",2003-11-13,0.125,11184
"605",2003-11-17,0.139,11188
"606",2003-12-15,0.112,11216
"607",2003-12-18,0.101,11219
"608",2003-12-24,0.118666666666667,11225
"609",2003-12-31,NA,11232
"610",2004-01-08,0.0886666666666667,11240
"611",2004-01-15,0.115666666666667,11247
"612",2004-01-21,0.136,11253
"613",2004-01-22,0.002,11254
"614",2004-01-28,0.1405,11260
"615",2004-02-02,0.121,11265
"616",2004-02-04,0.0833333333333333,11267
"617",2004-02-12,0.14,11275
"618",2004-02-17,0.153,11280
"619",2004-02-19,0.171,11282
"620",2004-02-25,0.139,11288
"621",2004-03-01,0.731,11293
"622",2004-03-02,0.366,11294
"623",2004-03-11,0.4115,11303
"624",2004-03-15,0.322,11307
"625",2004-03-18,0.154,11310
"626",2004-03-25,0.2655,11317
"627",2004-04-01,0.279,11324
"628",2004-04-08,NA,11330
"629",2004-04-15,0.0675,11337
"630",2004-04-19,0.216,11341
"631",2004-04-22,0.1055,11344
"632",2004-04-28,NA,11350
"633",2004-05-17,0.171,11369
"634",2004-06-17,0.351,11400
"635",2004-06-21,0.153,11404
"636",2004-06-23,0.2125,11406
"637",2004-06-29,0.158,11412
"638",2004-07-12,0.169,11425
"639",2004-07-15,0.185,11428
"640",2004-07-22,0.235,11435
"641",2004-07-26,0.367,11439
"642",2004-08-05,0.13475,11449
"643",2004-08-09,0.425,11453
"644",2004-08-11,0.51,11455
"645",2004-08-18,0.4165,11462
"646",2004-08-23,0.23,11467
"647",2004-08-26,0.2435,11470
"648",2004-09-13,0.349,11488
"649",2004-09-16,0.365,11491
"650",2004-09-23,0.2745,11498
"651",2004-09-30,0.406,11505
"652",2004-10-04,0.311,11509
"653",2004-10-07,0.324,11512
"654",2004-10-14,0.1945,11519
"655",2004-10-18,0.123,11523
"656",2004-10-19,0.137,11524
"657",2004-10-27,0.1405,11532
"658",2004-11-03,0.1115,11540
"659",2004-11-10,0.1145,11547
"660",2004-11-15,0.085,11552
"661",2004-11-18,0.0995,11555
"662",2004-12-02,0.1105,11569
"663",2004-12-07,0.115,11574
"664",2004-12-20,0.12,11587
"665",2005-01-13,NA,11611
"666",2005-01-18,0.118,11616
"667",2005-02-14,0.09,11643
"668",2005-02-28,0.097,11657
"669",2005-03-03,0.155,11660
"670",2005-03-09,0.167,11666
"671",2005-03-14,0.166,11671
"672",2005-03-17,0.128,11674
"673",2005-03-24,0.2405,11681
"674",2005-03-29,0.1745,11686
"675",2005-04-07,0.155,11694
"676",2005-04-14,0.1285,11701
"677",2005-04-18,0.117,11705
"678",2005-04-20,0.121,11707
"679",2005-05-05,0.1375,11722
"680",2005-05-11,0.221,11728
"681",2005-05-16,0.07,11733
"682",2005-05-23,NA,11740
"683",2005-06-01,0.145,11749
"684",2005-06-08,0.461666666666667,11756
"685",2005-06-15,0.4085,11763
"686",2005-06-22,0.494,11770
"687",2005-06-27,0.313,11775
"688",2005-06-29,0.301,11777
"689",2005-07-07,0.17375,11785
"690",2005-07-11,0.234,11789
"691",2005-07-14,0.2775,11792
"692",2005-07-21,0.298,11799
"693",2005-07-25,0.279,11803
"694",2005-08-08,0.22,11817
"695",2005-08-10,0.2535,11819
"696",2005-08-15,0.279,11824
"697",2005-08-22,0.337,11831
"698",2005-08-24,0.2415,11833
"699",2005-09-20,0.118,11860
"700",2005-10-06,0.158,11876
"701",2005-10-13,0.285,11883
"702",2005-10-17,0.177,11887
"703",2005-10-31,0.336,11902
"704",2005-11-01,0.294,11903
"705",2005-11-10,0.287,11912
"706",2005-11-14,0.195,11916
"707",2005-11-21,0.202,11923
"708",2005-12-05,0.121,11937
"709",2005-12-06,0.086,11938
"710",2005-12-13,0.07125,11945
"711",2005-12-19,0.144,11951
"712",2006-01-23,0.0555,11986
"713",2006-02-06,0.22,12000
"714",2006-02-15,0.47,12009
"715",2006-02-21,0.274,12015
"716",2006-02-23,0.243,12017
"717",2006-03-01,0.228,12023
"718",2006-03-20,0.166,12042
"719",2006-04-17,0.144,12069
"720",2006-05-04,0.094,12086
"721",2006-05-22,0.109,12104
"722",2006-06-19,0.117,12132
"723",2006-07-17,0.066,12160
"724",2006-07-31,0.2475,12174
"725",2006-08-07,0.241,12181
"726",2006-08-21,0.314,12195
"727",2006-08-31,0.4215,12205
"728",2006-09-06,0.605,12211
"729",2006-09-11,0.737,12216
"730",2006-09-14,0.6475,12219
"731",2006-09-20,0.388,12225
"732",2006-09-25,0.367,12230
"733",2006-10-23,0.138,12258
"734",2006-11-22,0.0875,12289
"735",2006-11-27,0.136,12294
"736",2006-11-30,0.1115,12297
"737",2006-12-07,0.057,12304
"738",2006-12-13,0.115,12310
"739",2006-12-18,0.0545,12315
"740",2006-12-21,0.1145,12318
"741",2006-12-28,0.05125,12325
"742",2007-01-04,0.04575,12332
"743",2007-01-10,0.093,12338
"744",2007-01-17,0.048,12345
"745",2007-01-22,0.128,12350
"746",2007-01-25,0.112,12353
"747",2007-02-01,0.112,12360
"748",2007-02-06,0.101,12365
"749",2007-02-14,0.097,12373
"750",2007-02-21,0.109,12380
"751",2007-02-26,0.093,12385
"752",2007-03-01,0.087,12388
"753",2007-03-07,0.092,12394
"754",2007-03-12,0.105,12398
"755",2007-03-14,0.098,12400
"756",2007-03-22,0.112,12408
"757",2007-03-26,0.116,12412
"758",2007-03-28,0.078,12414
"759",2007-04-04,0.092,12421
"760",2007-04-11,0.094,12428
"761",2007-04-17,0.087,12434
"762",2007-04-23,0.082,12440
"763",2007-04-25,0.076,12442
"764",2007-05-03,0.076,12450
"765",2007-05-10,0.214,12457
"766",2007-05-17,0.12,12464
"767",2007-05-21,0.154,12468
"768",2007-05-23,0.144,12470
"769",2007-06-18,0.129,12496
"770",2007-07-09,0.252,12517
"771",2007-07-12,0.512,12520
"772",2007-07-18,0.332,12526
"773",2007-07-23,0.376,12531
"774",2007-07-26,0.418,12534
"775",2007-08-02,0.4245,12541
"776",2007-08-09,0.2535,12548
"777",2007-08-15,0.3185,12554
"778",2007-08-20,0.248,12559
"779",2007-08-22,0.272,12561
"780",2007-08-30,0.2965,12569
"781",2007-09-06,0.315,12576
"782",2007-09-12,0.283,12582
"783",2007-09-20,0.348,12590
"784",2007-09-24,0.291,12594
"785",2007-10-22,0.225,12622
"786",2007-11-26,0.177,12658
"787",2007-12-05,0.156,12667
"788",2007-12-19,0.149,12681
"789",2008-01-16,0.136,12709
"790",2008-02-20,0.088,12744
"791",2008-03-13,0.1815,12765
"792",2008-03-19,0.154,12771
"793",2008-03-26,0.1695,12778
"794",2008-04-09,0.152,12792
"795",2008-04-16,0.232,12799
"796",2008-04-17,0.251,12800
"797",2008-05-28,0.105,12841
"798",2008-06-25,0.155,12869
"799",2008-06-26,0.1665,12870
"800",2008-07-02,0.237,12876
"801",2008-07-09,0.6325,12883
"802",2008-07-16,0.371,12890
"803",2008-07-17,0.2835,12891
"804",2008-07-24,0.253,12898
"805",2008-07-29,0.232,12903
"806",2008-07-30,0.167,12904
"807",2008-08-07,0.232,12912
"808",2008-08-13,0.1465,12918
"809",2008-08-21,0.376,12926
"810",2008-08-28,0.429,12933
"811",2008-08-29,0.4265,12934
"812",2008-09-04,0.348,12940
"813",2008-09-10,0.283,12946
"814",2008-09-11,0.2805,12947
"815",2008-09-18,0.227,12954
"816",2008-09-24,0.256,12960
"817",2008-09-25,0.3205,12961
"818",2008-10-02,0.237,12968
"819",2008-10-15,0.2035,12981
"820",2008-10-22,0.095,12988
"821",2008-10-23,0.103,12989
"822",2008-10-29,0.0705,12995
"823",2008-11-05,0.051,13003
"824",2008-11-06,0.058,13004
"825",2008-11-13,0.052,13011
"826",2008-11-19,0.052,13017
"827",2008-12-16,0.082,13044
"828",2008-12-17,0.082,13045
"829",2009-01-21,0.104,13080
"830",2009-02-18,0.061,13108
"831",2009-03-25,0.0575,13142
"832",2009-04-22,0.101,13170
"833",2009-05-20,0.078,13198
"834",2009-05-28,0.1025,13206
"835",2009-06-04,0.3745,13213
"836",2009-06-11,0.4425,13220
"837",2009-06-17,0.531,13226
"838",2009-06-18,0.3925,13227
"839",2009-06-25,0.325,13234
"840",2009-06-30,0.2825,13239
"841",2009-07-09,0.37,13248
"842",2009-07-15,0.316,13254
"843",2009-07-22,0.477,13261
"844",2009-07-30,0.229,13269
"845",2009-08-26,0.248,13296
"846",2009-09-03,0.222,13304
"847",2009-09-10,0.283,13311
"848",2009-09-23,0.201,13324
"849",2009-10-08,0.205,13339
"850",2009-10-28,0.084,13359
"851",2009-11-18,0.106,13381
"852",2009-12-23,0.115,13416
"853",2009-12-24,0.1225,13417
"854",2010-01-27,0.093,13451
"855",2010-02-24,0.095,13479
"856",2010-02-25,0.108,13480
"857",2010-03-17,0.227,13499
"858",2010-03-18,0.1855,13500
"859",2010-03-25,0.1095,13507
"860",2010-04-01,0.392,13514
"861",2010-04-08,0.264,13521
"862",2010-04-15,0.237,13528
"863",2010-04-21,0.205,13534
"864",2010-04-22,0.19,13535
"865",2010-05-26,0.31,13569
"866",2010-06-03,0.2405,13577
"867",2010-06-09,0.205,13583
"868",2010-06-17,0.2635,13591
"869",2010-06-24,0.276,13598
"870",2010-06-30,0.333,13604
"871",2010-07-08,0.305,13612
"872",2010-07-14,0.263,13618
"873",2010-07-15,0.2825,13619
"874",2010-07-22,0.218,13626
"875",2010-07-28,0.131,13632
"876",2010-07-29,0.154,13633
"877",2010-08-04,0.108,13639
"878",2010-08-05,0.0985,13640
"879",2010-08-12,0.0875,13647
"880",2010-08-18,0.081,13653
"881",2010-08-19,0.0865,13654
"882",2010-08-25,0.1555,13660
"883",2010-09-02,0.221,13668
"884",2010-09-09,0.1835,13675
"885",2010-09-14,0.301,13680
"886",2010-09-29,0.112,13695
"887",2010-09-30,0.1175,13696
"888",2010-10-27,0.091,13723
"889",2010-11-17,0.074,13745
"890",2010-12-13,0.075,13771
"891",2011-01-20,0.104,13809
"892",2011-02-17,0.081,13837
"893",2011-03-16,0.102,13863
"894",2011-04-20,0.131,13898
"895",2011-05-18,0.163,13926
"896",2011-06-22,0.091,13961
"897",2011-07-20,0.277,13989
"898",2011-07-21,0.153,13990
"899",2011-07-28,0.098,13997
"900",2011-08-11,0.0955,14011
"901",2011-08-18,0.194,14018
"902",2011-08-24,0.543,14024
"903",2011-08-25,0.2855,14025
"904",2011-09-07,0.231,14038
"905",2011-09-08,0.2285,14039
"906",2011-09-15,0.269,14046
"907",2011-09-21,0.285,14052
"908",2011-09-29,0.2635,14060
"909",2011-10-13,0.439,14074
"910",2011-10-19,0.163,14080
"911",2011-10-20,0.217,14081
"912",2011-10-27,0.1805,14088
"913",2011-11-02,0.447,14094
"914",2011-11-03,0.3095,14095
"915",2011-11-09,0.36,14102
"916",2011-11-16,0.409,14109
"917",2011-11-17,0.3935,14110
"918",2011-11-23,0.404,14116
"919",2011-12-08,0.1895,14131
"920",2011-12-14,0.101,14137
"921",2011-12-21,0.081,14144
"922",2011-12-22,0.0805,14145
"923",2011-12-29,0.083,14152
"924",2012-01-05,0.099,14159
"925",2012-01-18,0.074,14172
"926",2012-02-02,0.09,14187
"927",2012-02-22,0.09,14207
"928",2012-03-21,0.096,14234
"929",2012-04-18,0.077,14262
"930",2012-05-10,0.074,14284
"931",2012-05-16,0.066,14290
"932",2012-06-20,0.15,14325
"933",2012-06-27,0.168,14332
"934",2012-07-05,0.16,14340
"935",2012-07-11,0.083,14346
"936",2012-07-12,0.116,14347
"937",2012-07-19,0.143,14354
"938",2012-07-26,0.3745,14361
"939",2012-08-02,0.211,14368
"940",2012-08-08,0.199,14374
"941",2012-08-09,0.263,14375
"942",2012-08-16,0.214,14382
"943",2012-08-22,0.1675,14388
"944",2012-08-30,0.3495,14396
"945",2012-09-05,0.167,14402
"946",2012-09-06,0.2735,14403
"947",2012-09-13,0.347,14410
"948",2012-09-20,0.153333333333333,14417
"949",2012-09-26,0.1985,14423
"950",2012-10-03,0.247,14430
"951",2012-10-04,0.21,14431
"952",2012-10-11,0.215,14438
"953",2012-10-18,0.1535,14445
"954",2012-10-25,0.175,14452
"955",2012-11-01,0.155,14459
"956",2012-11-08,0.119,14467
"957",2012-11-14,0.094,14473
"958",2012-12-05,0.073,14494
"959",2012-12-13,0.1445,14502
"960",2012-12-19,0.128666666666667,14508
"961",2012-12-27,0.091,14516
"962",2013-01-09,0.08,14529
"963",2013-01-10,0.082,14530
"964",2013-01-17,0.064,14537
"965",2013-02-06,0.092,14557
"966",2013-03-06,0.105,14585
"967",2013-04-03,0.063,14612
"968",2013-04-18,0.086,14627
"969",2013-04-24,0.08,14633
"970",2013-05-08,0.103,14647
"971",2013-06-05,0.107,14675
"972",2013-06-12,0.227,14682
"973",2013-06-19,0.271,14689
"974",2013-06-27,0.244,14697
"975",2013-07-03,0.324,14703
"976",2013-07-08,0.2915,14708
"977",2013-07-10,0.2,14710
"978",2013-07-11,0.245,14711
"979",2013-07-18,0.283,14718
"980",2013-07-25,0.311,14725
"981",2013-08-01,0.242,14732
"982",2013-08-07,0.205,14738
"983",2013-08-08,0.212,14739
"984",2013-08-15,0.23,14746
"985",2013-08-22,0.195,14753
"986",2013-08-28,0.164,14759
"987",2013-09-04,0.209,14766
"988",2013-09-05,0.184,14767
"989",2013-09-18,0.169,14780
"990",2013-09-19,0.166,14781
"991",2013-09-26,0.202,14788
"992",2013-10-03,0.2,14795
"993",2013-10-07,0.134,14799
"994",2013-10-10,0.1665,14802
"995",2013-11-04,0.275,14828
"996",2013-12-02,0.094,14856
"997",2014-01-06,0.064,14891
"998",2014-02-03,0.086,14919
"999",2014-02-13,0.147,14929
"1000",2014-02-20,0.197,14936
"1001",2014-03-03,0.128,14947
"1002",2014-03-13,0.076,14956
"1003",2014-04-07,0.084,14981
"1004",2014-05-05,0.07,15009
"1005",2014-05-08,0.161,15012
"1006",2014-06-09,0.089,15044
"1007",2014-06-12,0.112,15047
"1008",2014-06-19,0.21,15054
"1009",2014-06-26,0.439,15061
"1010",2014-07-02,0.336,15067
"1011",2014-07-07,0.267,15072
"1012",2014-07-10,0.309,15075
"1013",2014-07-17,0.326,15082
"1014",2014-07-24,0.3245,15089
"1015",2014-07-30,0.294,15095
"1016",2014-08-07,0.267,15103
"1017",2014-08-14,0.299,15110
"1018",2014-08-18,0.287,15114
"1019",2014-08-21,0.293,15117
"1020",2014-08-28,0.251,15124
"1021",2014-09-08,0.146,15135
"1022",2014-10-02,0.302,15159
"1023",2014-10-06,0.318,15163
"1024",2014-10-08,0.295,15165
"1025",2014-11-03,0.119,15192
"1026",2014-11-13,0.079,15202
"1027",2014-11-20,0.084,15209
"1028",2014-11-26,0.0845,15215
"1029",2014-12-01,0.328,15220
"1030",2014-12-04,0.1795,15223
"1031",2014-12-11,0.179,15230
"1032",2014-12-15,0.109,15234
"1033",2014-12-18,0.135,15237
"1034",2014-12-23,0.163,15242
"1035",2014-12-31,0.093,15250
"1036",2015-01-05,0.1,15255
"1037",2015-01-08,0.063,15258
"1038",2015-01-15,0.096,15265
"1039",2015-02-02,0.099,15283
"1040",2015-02-05,0.079,15286
"1041",2015-02-12,0.086,15293
"1042",2015-03-02,0.121,15311
"1043",2015-04-06,0.081,15345
"1044",2015-04-23,0.153,15362
"1045",2015-04-30,0.1865,15369
"1046",2015-05-04,0.246,15373
"1047",2015-05-07,0.212,15376
"1048",2015-05-28,0.142,15397
"1049",2015-06-01,0.21,15401
"1050",2015-06-11,0.076,15411
"1051",2015-06-18,0.073,15418
"1052",2015-07-01,0.294,15431
"1053",2015-07-06,0.093,15436
"1054",2015-07-30,0.099,15460
"1055",2015-08-03,0.22,15464
"1056",2015-08-20,0.224,15481
"1057",2015-08-31,0.154,15492
"1058",2015-09-03,0.262,15495
"1059",2015-09-10,0.2425,15502
"1060",2015-09-16,0.356,15508
"1061",2015-09-24,0.2745,15516
"1062",2015-09-28,0.216,15520
"1063",2015-10-01,0.257,15523
"1064",2015-10-08,0.357,15530
"1065",2015-10-15,0.283,15537
"1066",2015-10-22,0.345,15544
"1067",2015-10-26,0.341,15548
"1068",2015-10-29,0.352,15551
"1069",2015-11-23,0.221,15577
"1070",2015-11-25,0.304,15579
"1071",2015-12-03,0.3745,15587
"1072",2015-12-07,0.391,15591
"1073",2015-12-09,0.411,15593
"1074",2015-12-17,0.342,15601
"1075",2015-12-21,0.381,15605
"1076",2016-01-04,0.308,15619
"1077",2016-01-14,0.1925,15629
"1078",2016-01-20,0.289,15635
"1079",2016-01-21,0.243,15636
"1080",2016-01-27,0.1695,15642
"1081",2016-02-01,0.298,15647
"1082",2016-02-04,0.2955,15650
"1083",2016-02-11,0.254,15657
"1084",2016-02-15,0.226,15661
"1085",2016-02-18,0.235,15664
"1086",2016-02-24,0.1795,15670
"1087",2016-02-29,0.18,15675
"1088",2016-03-03,0.1855,15678
"1089",2016-03-10,0.123,15685
"1090",2016-03-14,0.201,15688
"1091",2016-03-17,0.19,15691
"1092",2016-03-24,0.16,15698
"1093",2016-03-28,0.191,15702
"1094",2016-03-31,0.2365,15705
"1095",2016-04-07,0.198,15712
"1096",2016-04-11,0.247,15716
"1097",2016-05-09,0.138,15744
"1098",2016-05-12,0.174,15747
"1099",2016-05-19,0.12,15754
"1100",2016-05-23,0.383,15758
"1101",2016-05-26,0.224,15761
"1102",2016-06-02,0.409,15768
"1103",2016-06-06,0.337,15772
"1104",2016-06-08,0.241,15774
"1105",2016-06-16,0.353,15782
"1106",2016-06-22,0.386,15788
"1107",2016-06-30,0.2345,15796
"1108",2016-07-06,0.383,15802
"1109",2016-07-07,0.38,15803
"1110",2016-07-14,0.355,15810
"1111",2016-07-28,0.208,15824
"1112",2016-08-01,0.15,15828
"1113",2016-08-04,0.171,15831
"1114",2016-08-11,0.142,15838
"1115",2016-08-18,0.136,15845
"1116",2016-08-25,0.205,15852
"1117",2016-08-29,0.174,15856
"1118",2016-09-01,0.156,15859
"1119",2016-09-08,0.1475,15866
"1120",2016-09-15,0.1835,15873
"1121",2016-09-21,0.167,15879
"1122",2016-09-26,0.242,15884
"1123",2016-09-29,0.254,15887
"1124",2016-10-10,0.227,15898
"1125",2016-10-13,0.27,15901
"1126",2016-10-20,0.221,15908
"1127",2016-10-24,0.238,15912
"1128",2016-10-27,0.25,15915
"1129",2016-11-10,0.195,15930
"1130",2016-11-21,0.068,15941
"1131",2016-12-19,0.11,15969
"1132",2017-01-12,0.09,15993
"1133",2017-01-17,0.071,15998
"1134",2017-02-13,0.084,16025
"1135",2017-02-23,0.095,16035
"1136",2017-03-13,0.093,16052
"1137",2017-04-10,0.085,16080
"1138",2017-04-24,0.132,16094
"1139",2017-05-04,0.102,16104
"1140",2017-05-08,0.11,16108
"1141",2017-06-01,0.097,16132
"1142",2017-06-08,0.118,16139
"1143",2017-06-14,0.208,16145
"1144",2017-06-19,0.578,16150
"1145",2017-06-22,0.487,16153
"1146",2017-06-28,0.497,16159
"1147",2017-07-05,0.613,16166
"1148",2017-07-06,0.477,16167
"1149",2017-07-20,0.379,16181
"1150",2017-08-02,0.273,16194
"1151",2017-08-10,0.323,16202
"1152",2017-08-14,0.648,16206
"1153",2017-08-17,0.632,16209
"1154",2017-08-24,0.4775,16216
"1155",2017-08-28,0.35,16220
"1156",2017-08-31,0.5,16223
"1157",2017-09-13,0.483,16236
"1158",2017-09-21,0.3565,16244
"1159",2017-09-25,0.211,16248
"1160",2017-09-28,0.2495,16251
"1161",2017-10-05,0.324,16258
"1162",2017-10-09,0.414,16262
"1163",2017-10-12,0.4365,16265
"1164",2017-10-19,0.377,16272
"1165",2017-10-23,0.324,16276
"1166",2017-10-26,0.32,16279
"1167",2017-11-02,0.2805,16286
"1168",2017-11-06,0.242,16291
"1169",2017-11-08,0.199,16293
"1170",2017-11-16,0.243,16301
"1171",2017-11-20,0.183,16305
"1172",2017-11-22,0.1965,16307
"1173",2017-11-30,0.181,16315
"1174",2017-12-04,0.219,16319
"1175",2017-12-13,0.203,16328
"1176",2017-12-18,0.166,16333
"1177",2017-12-21,0.167,16336
"1178",2017-12-28,0.156,16343
"1179",2018-01-02,0.162,16348
"1180",2018-01-11,0.167,16357
"1181",2018-01-16,0.121,16362
"1182",2018-01-18,0.1115,16364
"1183",2018-01-25,0.106,16371
"1184",2018-01-29,0.1,16375
"1185",2018-02-01,0.1145,16378
"1186",2018-02-08,0.131,16385
"1187",2018-02-12,0.082,16389
"1188",2018-03-01,0.159,16406
"1189",2018-03-08,0.185,16413
"1190",2018-03-12,0.144,16416
"1191",2018-03-15,0.153,16419
"1192",2018-03-22,0.134,16426
"1193",2018-03-26,0.121,16430
"1194",2018-03-28,0.121,16432
"1195",2018-04-09,0.093,16444
"1196",2018-04-12,0.155,16447
"1197",2018-04-23,0.136,16458
"1198",2018-04-26,0.128,16461
"1199",2018-05-03,0.112,16468
"1200",2018-05-07,0.124,16472
"1201",2018-05-10,0.108,16475
"1202",2018-05-17,0.079,16482
"1203",2018-05-21,0.093,16486
"1204",2018-05-23,0.088,16488
"1205",2018-05-31,0.231,16496
"1206",2018-06-04,0.38,16500
"1207",2018-06-07,0.3215,16503
"1208",2018-06-14,0.2815,16510
"1209",2018-06-18,0.397,16514
"1210",2018-06-21,0.398,16517
"1211",2018-06-27,0.262,16523
"1212",2018-07-02,0.288,16528
"1213",2018-07-12,0.247,16538
"1214",2018-07-19,0.194,16545
"1215",2018-08-16,0.172,16573
"1216",2018-08-22,0.18,16579
"1217",2018-08-30,0.12,16587
"1218",2018-09-20,0.1,16608
"1219",2018-09-24,0.11,16612
"1220",2018-10-22,0.096,16640
"1221",2018-10-24,0.11,16642
"1222",2018-11-19,0.074,16669
"1223",2018-11-21,0.07,16671
"1224",2018-12-17,0.106,16697
"1225",2018-12-20,0.093,16700
"1226",2018-12-27,0.108,16707
"1227",2019-01-02,0.098,16713
"1228",2019-01-10,0.117,16721
"1229",2019-01-14,0.091,16725
"1230",2019-01-17,0.099,16728
"1231",2019-01-24,0.12,16735
"1232",2019-01-28,0.104,16739
"1233",2019-01-31,0.103,16742
"1234",2019-02-07,0.072,16749
"1235",2019-02-11,0.094,16753
"1236",2019-02-14,0.117,16756
"1237",2019-02-25,0.164,16767
"1238",2019-03-11,0.189,16780
"1239",2019-04-08,0.117,16808
"1240",2019-05-06,0.082,16836
"1241",2019-06-03,0.07,16864
"1242",2019-07-01,0.388,16892
"1243",2019-07-03,0.394,16894
"1244",2019-07-11,0.149,16902
"1245",2019-07-18,0.206,16909
"1246",2019-07-25,0.316,16916
"1247",2019-07-29,0.205,16920
"1248",2019-08-12,0.203,16934
"1249",2019-08-15,0.339,16937
"1250",2019-08-26,0.422,16948
"1251",2019-08-29,0.422,16951
"1252",2019-09-05,0.48,16958
"1253",2019-09-09,0.468,16962
"1254",2019-09-12,0.383,16965
"1255",2019-09-19,0.392,16972
"1256",2019-09-23,0.403,16976
"1257",2019-10-10,0.356,16993
"1258",2020-02-06,0.113,17113
"1259",2020-02-10,0.108,17117
"1260",2020-02-13,0.1,17120
"1261",2020-03-09,0.131,17144
"1262",2020-04-02,0.117,17168
"1263",2020-04-06,0.121,17172
"1264",2020-05-04,0.081,17200
"1265",2020-05-06,0.097,17202
"1266",2020-05-14,0.137,17210
"1267",2020-06-01,0.211,17228
"1268",2020-06-04,0.269,17231
"1269",2020-06-11,0.339,17238
"1270",2020-06-15,0.54,17242
"1271",2020-06-18,0.618,17245
"1272",2020-06-25,0.244,17252
"1273",2020-06-29,0.24,17256
"1274",2020-07-01,0.223,17258
"1275",2020-07-09,0.303,17266
"1276",2020-07-13,0.24,17270
"1277",2020-07-16,0.244,17273
"1278",2020-07-23,0.19,17280
"1279",2020-07-27,0.318,17284
"1280",2020-07-30,0.289,17287
"1281",2020-08-05,0.444,17293
"1282",2020-08-10,0.315,17298
"1283",2020-08-12,0.275,17300
"1284",2020-08-20,0.362,17308
"1285",2020-08-24,0.306,17312
"1286",2020-08-26,0.414,17314
"1287",2020-09-02,0.224,17321
"1288",2020-09-08,0.264,17327
"1289",2020-09-10,0.2,17329
"1290",2020-09-17,0.22,17336
"1291",2020-09-21,0.255,17340
"1292",2020-09-24,0.244,17343
"1293",2020-10-01,0.208,17350
"1294",2020-10-05,0.142,17354
"1295",2020-10-08,0.177,17357
"1296",2020-10-15,0.187,17364
"1297",2020-10-19,0.152,17368
"1298",2020-10-21,0.169,17370
"1299",2020-10-28,0.117,17377
"1300",2020-11-02,0.114,17383
"1301",2020-11-05,0.139,17386
"1302",2020-11-12,0.146,17393
"1303",2020-11-16,0.265,17397
"1304",2020-11-18,0.255,17399
"1305",2020-11-24,0.218,17405
"1306",2020-11-30,0.204,17411
"1307",2020-12-03,0.178,17414
"1308",2020-12-09,0.137,17420
"1309",2020-12-14,0.131,17425
"1310",2020-12-16,0.174,17427
"1311",2020-12-23,0.126,17434
"1312",2020-12-28,0.15,17439
"1313",2020-12-29,0.199,17440
"1314",2021-01-07,0.114,17449
"1315",2021-01-11,0.103,17453
"1316",2021-01-14,0.095,17456
"1317",2021-01-21,0.091,17463
"1318",2021-01-25,0.097,17467
"1319",2021-01-27,0.077,17469
"1320",2021-02-03,0.09,17476
"1321",2021-02-08,0.073,17481
"1322",2021-02-11,0.072,17484
"1323",2021-02-22,0.106,17495
"1324",2021-03-03,0.119,17504
"1325",2021-03-18,0.118,17518
"1326",2021-04-05,0.098,17536
"1327",2021-04-08,0.089,17539
"1328",2021-04-15,0.093,17546
"1329",2021-04-19,0.099,17550
"1330",2021-04-28,0.156,17559
"1331",2021-05-03,0.198,17564
"1332",2021-05-13,0.122,17574
"1333",2021-05-20,0.103,17581
"1334",2021-06-01,0.098,17593
"1335",2021-06-23,0.045,17615
"1336",2021-06-28,0.029,17620
"1337",2021-06-30,0.07,17622
"1338",2021-07-08,0.481,17630
"1339",2021-07-12,0.32,17634
"1340",2021-07-15,0.318,17637
"1341",2021-07-22,0.314,17644
"1342",2021-07-26,0.216,17648
"1343",2021-07-28,0.192,17650
"1344",2021-08-05,0.171,17658
"1345",2021-08-09,0.202,17662
"1346",2021-08-12,0.178,17665
"1347",2021-08-19,0.246,17672
"1348",2021-08-23,0.152,17676
"1349",2021-08-26,0.165,17679
"1350",2021-09-02,0.14,17686
"1351",2021-09-07,0.111,17691
"1352",2021-09-09,0.158,17693
"1353",2021-09-14,0.087,17698
"1354",2021-09-20,0.078,17704
"1355",2021-09-23,0.127,17707
"1356",2021-09-29,0.149,17713
"1357",2021-10-04,0.09,17718
"1358",2021-10-07,0.075,17721
"1359",2021-10-13,0.089,17727
"1360",2021-10-18,0.096,17732
"1361",2021-10-21,0.081,17735
"1362",2021-10-28,0.067,17742
"1363",2021-11-01,0.076,17746
"1364",2021-11-03,0.085,17748
"1365",2021-11-10,0.075,17756
"1366",2021-11-15,0.058,17761
"1367",2021-11-18,0.069,17764
"1368",2021-11-23,0.087,17769
"1369",2021-12-15,0.094,17791
"1370",2021-12-22,0.113,17798
"1371",2021-12-27,0.156,17803
"1372",2021-12-29,0.12,17805
"1373",2022-01-06,0.108,17813
"1374",2022-01-10,0.107,17817
"1375",2022-01-13,0.112,17820
"1376",2022-01-19,0.1,17826
"1377",2022-01-24,0.082,17831
"1378",2022-01-26,0.089,17833
"1379",2022-02-03,0.092,17841
"1380",2022-02-07,0.093,17845
"1381",2022-02-09,0.095,17847
"1382",2022-02-16,0.082,17854
"1383",2022-02-21,0.076,17859
"1384",2022-02-24,0.069,17862
"1385",2022-03-07,0.096,17873
"1386",2022-03-17,0.0835,17882
"1387",2022-03-30,0.088,17895
"1388",2022-04-04,0.07,17900
"1389",2022-05-02,0.065,17928
"1390",2022-05-31,0.087,17957
"1391",2022-06-02,0.1115,17959
"1392",2022-06-09,0.0635,17966
"1393",2022-06-13,0.165,17970
"1394",2022-06-15,0.2125,17972
"1395",2022-06-23,0.184,17980
"1396",2022-06-27,0.167,17984
"1397",2022-06-30,0.183,17987
"1398",2022-07-07,0.179,17994
"1399",2022-07-11,0.168,17998
"1400",2022-07-14,0.151,18001
"1401",2022-07-20,0.137,18007
"1402",2022-07-25,0.139,18012
"1403",2022-07-28,0.157,18015
"1404",2022-08-17,0.127,18035
"1405",2022-08-22,0.241,18040
"1406",2022-08-24,0.087,18042
"1407",2022-09-06,0.083,18055
"1408",2022-09-08,0.0845,18057
"1409",2022-09-14,0.084,18063
"1410",2022-09-19,0.229,18068
"1411",2022-09-22,0.2125,18071
"1412",2022-09-27,0.295,18076
"1413",2022-10-03,0.408,18082
"1414",2022-10-05,0.2965,18084
"1415",2022-10-13,0.2075,18092
"1416",2022-10-17,0.236,18096
"1417",2022-10-20,0.3145,18099
"1418",2022-10-26,0.418,18105
"1419",2022-10-31,0.444,18110
"1420",2022-11-02,0.399,18112
"1421",2022-11-14,0.244,18125
"1422",2022-11-17,0.24,18128
"1423",2022-11-22,0.2925,18133
"1424",2022-11-28,0.154,18139
"1425",2022-11-30,0.1715,18141
"1426",2022-12-07,0.112,18148
"1427",2022-12-12,0.116,18153
"1428",2022-12-14,0.0935,18155
"1429",2022-12-21,0.09,18162
"1430",2022-12-27,0.066,18168
"1431",2022-12-29,0.0665,18170
"1432",2023-01-04,0.059,18176
"1433",2023-01-09,0.088,18181
"1434",2023-01-11,0.075,18183
"1435",2023-01-18,0.068,18190
"1436",2023-01-23,0.065,18195
"1437",2023-01-25,0.067,18197
"1438",2023-02-01,0.074,18204
"1439",2023-02-06,0.081,18209
"1440",2023-02-16,0.085,18219
"1441",2023-02-20,0.093,18223
"1442",2023-02-22,0.0815,18225
"1443",2023-03-06,0.096,18237
"1444",2023-03-20,0.072,18250
"1445",2023-04-03,0.083,18264
"1446",2023-04-17,0.057,18278
"1447",2023-04-19,0.072,18280
"1448",2023-04-27,0.056,18288
"1449",2023-05-01,0.072,18292
"1450",2023-05-04,0.0725,18295
"1451",2023-05-11,0.1,18302
