Date,ETVol_acft
30-Dec-90,
31-Dec-90,
1-Jan-91,3719
2-Jan-91,4206
3-Jan-91,3830
4-Jan-91,3546
5-Jan-91,3454
6-Jan-91,4251
7-Jan-91,3363
8-Jan-91,3234
9-Jan-91,3324
10-Jan-91,3448
11-Jan-91,4817
12-Jan-91,3860
13-Jan-91,4577
14-Jan-91,3831
15-Jan-91,2854
16-Jan-91,3583
17-Jan-91,4896
18-Jan-91,4031
19-Jan-91,3902
20-Jan-91,5020
21-Jan-91,4429
22-Jan-91,4033
23-Jan-91,3639
24-Jan-91,5061
25-Jan-91,2808
26-Jan-91,2466
27-Jan-91,2445
28-Jan-91,4945
29-Jan-91,4219
30-Jan-91,5600
31-Jan-91,4903
1-Feb-91,3792
2-Feb-91,2747
3-Feb-91,3469
4-Feb-91,4999
5-Feb-91,4065
6-Feb-91,4603
7-Feb-91,3664
8-Feb-91,5347
9-Feb-91,4346
10-Feb-91,5075
11-Feb-91,5118
12-Feb-91,5330
13-Feb-91,4330
14-Feb-91,4785
15-Feb-91,6735
16-Feb-91,5472
17-Feb-91,4444
18-Feb-91,4782
19-Feb-91,5302
20-Feb-91,5784
21-Feb-91,5010
22-Feb-91,3713
23-Feb-91,4548
24-Feb-91,4394
25-Feb-91,3321
26-Feb-91,3720
27-Feb-91,4352
28-Feb-91,2467
1-Mar-91,5594
2-Mar-91,5794
3-Mar-91,5378
4-Mar-91,6189
5-Mar-91,5603
6-Mar-91,6702
7-Mar-91,7192
8-Mar-91,7109
9-Mar-91,4562
10-Mar-91,8327
11-Mar-91,6583
12-Mar-91,6402
13-Mar-91,6148
14-Mar-91,5725
15-Mar-91,3802
16-Mar-91,2346
17-Mar-91,2462
18-Mar-91,4742
19-Mar-91,7562
20-Mar-91,7348
21-Mar-91,7802
22-Mar-91,7865
23-Mar-91,7355
24-Mar-91,7379
25-Mar-91,7400
26-Mar-91,7944
27-Mar-91,8357
28-Mar-91,7428
29-Mar-91,8413
30-Mar-91,5238
31-Mar-91,3652
1-Apr-91,7179
2-Apr-91,6488
3-Apr-91,6282
4-Apr-91,4085
5-Apr-91,5650
6-Apr-91,5075
7-Apr-91,4621
8-Apr-91,6996
9-Apr-91,7095
10-Apr-91,7042
11-Apr-91,7665
12-Apr-91,7936
13-Apr-91,7760
14-Apr-91,6033
15-Apr-91,7016
16-Apr-91,6335
17-Apr-91,6191
18-Apr-91,4855
19-Apr-91,6584
20-Apr-91,5379
21-Apr-91,9117
22-Apr-91,8489
23-Apr-91,8891
24-Apr-91,7952
25-Apr-91,6713
26-Apr-91,7028
27-Apr-91,8945
28-Apr-91,9186
29-Apr-91,8539
30-Apr-91,8687
1-May-91,8122
2-May-91,7008
3-May-91,8209
4-May-91,8945
5-May-91,8554
6-May-91,7770
7-May-91,7299
8-May-91,6665
9-May-91,7016
10-May-91,6441
11-May-91,7919
12-May-91,7393
13-May-91,6106
14-May-91,6458
15-May-91,7198
16-May-91,6512
17-May-91,7319
18-May-91,6779
19-May-91,6354
20-May-91,6269
21-May-91,6155
22-May-91,4955
23-May-91,4274
24-May-91,5444
25-May-91,6442
26-May-91,5927
27-May-91,7219
28-May-91,8214
29-May-91,8345
30-May-91,8217
31-May-91,7427
1-Jun-91,8737
2-Jun-91,7880
3-Jun-91,7796
4-Jun-91,7758
5-Jun-91,7366
6-Jun-91,5286
7-Jun-91,6182
8-Jun-91,6739
9-Jun-91,6682
10-Jun-91,8233
11-Jun-91,8129
12-Jun-91,8204
13-Jun-91,8215
14-Jun-91,7594
15-Jun-91,7290
16-Jun-91,6400
17-Jun-91,6601
18-Jun-91,6426
19-Jun-91,6710
20-Jun-91,6642
21-Jun-91,6945
22-Jun-91,6732
23-Jun-91,6242
24-Jun-91,6494
25-Jun-91,5895
26-Jun-91,6452
27-Jun-91,6720
28-Jun-91,6856
29-Jun-91,6187
30-Jun-91,5027
1-Jul-91,5688
2-Jul-91,7370
3-Jul-91,7566
4-Jul-91,6565
5-Jul-91,7030
6-Jul-91,6931
7-Jul-91,7668
8-Jul-91,8544
9-Jul-91,8421
10-Jul-91,7013
11-Jul-91,7514
12-Jul-91,7492
13-Jul-91,6253
14-Jul-91,6901
15-Jul-91,7719
16-Jul-91,7621
17-Jul-91,7215
18-Jul-91,8397
19-Jul-91,7857
20-Jul-91,6344
21-Jul-91,7133
22-Jul-91,7313
23-Jul-91,6775
24-Jul-91,7123
25-Jul-91,6195
26-Jul-91,6738
27-Jul-91,6197
28-Jul-91,6624
29-Jul-91,7164
30-Jul-91,6861
31-Jul-91,7577
1-Aug-91,7350
2-Aug-91,6162
3-Aug-91,5802
4-Aug-91,5515
5-Aug-91,7584
6-Aug-91,7753
7-Aug-91,7485
8-Aug-91,6727
9-Aug-91,6925
10-Aug-91,7591
11-Aug-91,7696
12-Aug-91,7874
13-Aug-91,6964
14-Aug-91,7652
15-Aug-91,7203
16-Aug-91,7656
17-Aug-91,7218
18-Aug-91,6745
19-Aug-91,6554
20-Aug-91,6761
21-Aug-91,6703
22-Aug-91,5548
23-Aug-91,6713
24-Aug-91,6117
25-Aug-91,5710
26-Aug-91,6291
27-Aug-91,7064
28-Aug-91,6314
29-Aug-91,6173
30-Aug-91,6399
31-Aug-91,7041
1-Sep-91,6287
2-Sep-91,7370
3-Sep-91,6159
4-Sep-91,6458
5-Sep-91,6363
6-Sep-91,5939
7-Sep-91,6759
8-Sep-91,6118
9-Sep-91,6234
10-Sep-91,7399
11-Sep-91,6587
12-Sep-91,5053
13-Sep-91,4318
14-Sep-91,7340
15-Sep-91,5736
16-Sep-91,7208
17-Sep-91,5708
18-Sep-91,6313
19-Sep-91,6693
20-Sep-91,5594
21-Sep-91,6051
22-Sep-91,5626
23-Sep-91,5530
24-Sep-91,5578
25-Sep-91,5511
26-Sep-91,5738
27-Sep-91,6433
28-Sep-91,6586
29-Sep-91,5942
30-Sep-91,5704
1-Oct-91,3563
2-Oct-91,5045
3-Oct-91,5806
4-Oct-91,4652
5-Oct-91,5491
6-Oct-91,4563
7-Oct-91,3989
8-Oct-91,4242
9-Oct-91,4977
10-Oct-91,4305
11-Oct-91,3876
12-Oct-91,6339
13-Oct-91,6254
14-Oct-91,6236
15-Oct-91,4619
16-Oct-91,6800
17-Oct-91,6386
18-Oct-91,6281
19-Oct-91,5258
20-Oct-91,4370
21-Oct-91,4733
22-Oct-91,5524
23-Oct-91,5812
24-Oct-91,6368
25-Oct-91,5110
26-Oct-91,5252
27-Oct-91,4048
28-Oct-91,5499
29-Oct-91,3975
30-Oct-91,6482
31-Oct-91,5410
1-Nov-91,5232
2-Nov-91,5117
3-Nov-91,4224
4-Nov-91,2928
5-Nov-91,2465
6-Nov-91,3523
7-Nov-91,3831
8-Nov-91,3324
9-Nov-91,4440
10-Nov-91,3949
11-Nov-91,4496
12-Nov-91,4536
13-Nov-91,4937
14-Nov-91,4240
15-Nov-91,3910
16-Nov-91,4623
17-Nov-91,4275
18-Nov-91,3160
19-Nov-91,4168
20-Nov-91,3126
21-Nov-91,3889
22-Nov-91,4343
23-Nov-91,3358
24-Nov-91,5059
25-Nov-91,4283
26-Nov-91,3844
27-Nov-91,3293
28-Nov-91,4506
29-Nov-91,3789
30-Nov-91,3687
1-Dec-91,3388
2-Dec-91,4410
3-Dec-91,4660
4-Dec-91,3262
5-Dec-91,3720
6-Dec-91,4182
7-Dec-91,4111
8-Dec-91,4092
9-Dec-91,3985
10-Dec-91,3806
11-Dec-91,3586
12-Dec-91,2553
13-Dec-91,3485
14-Dec-91,3242
15-Dec-91,2899
16-Dec-91,4930
17-Dec-91,2790
18-Dec-91,3865
19-Dec-91,4399
20-Dec-91,4311
21-Dec-91,3771
22-Dec-91,3701
23-Dec-91,3900
24-Dec-91,3494
25-Dec-91,3574
26-Dec-91,2875
27-Dec-91,3243
28-Dec-91,2750
29-Dec-91,4101
30-Dec-91,3977
31-Dec-91,3545
1-Jan-92,3487
2-Jan-92,3522
3-Jan-92,4357
4-Jan-92,3750
5-Jan-92,3493
6-Jan-92,2566
7-Jan-92,4341
8-Jan-92,4065
9-Jan-92,4197
10-Jan-92,4042
11-Jan-92,5365
12-Jan-92,3635
13-Jan-92,4276
14-Jan-92,4155
15-Jan-92,4227
16-Jan-92,4503
17-Jan-92,3917
18-Jan-92,3975
19-Jan-92,2453
20-Jan-92,3560
21-Jan-92,4582
22-Jan-92,4141
23-Jan-92,4517
24-Jan-92,5403
25-Jan-92,4066
26-Jan-92,4661
27-Jan-92,3882
28-Jan-92,2496
29-Jan-92,3208
30-Jan-92,4253
31-Jan-92,5324
1-Feb-92,5646
2-Feb-92,4240
3-Feb-92,4601
4-Feb-92,4892
5-Feb-92,3584
6-Feb-92,3137
7-Feb-92,4533
8-Feb-92,5341
9-Feb-92,4655
10-Feb-92,4572
11-Feb-92,4809
12-Feb-92,5282
13-Feb-92,3865
14-Feb-92,4922
15-Feb-92,5569
16-Feb-92,5611
17-Feb-92,5791
18-Feb-92,5808
19-Feb-92,5293
20-Feb-92,4622
21-Feb-92,5191
22-Feb-92,5072
23-Feb-92,4969
24-Feb-92,4678
25-Feb-92,5390
26-Feb-92,6545
27-Feb-92,6243
28-Feb-92,5862
29-Feb-92,6603
1-Mar-92,6134
2-Mar-92,5873
3-Mar-92,5984
4-Mar-92,3863
5-Mar-92,4870
6-Mar-92,5043
7-Mar-92,5528
8-Mar-92,7388
9-Mar-92,6697
10-Mar-92,7111
11-Mar-92,6413
12-Mar-92,4169
13-Mar-92,2823
14-Mar-92,5895
15-Mar-92,7083
16-Mar-92,7013
17-Mar-92,6944
18-Mar-92,7267
19-Mar-92,5706
20-Mar-92,8400
21-Mar-92,6979
22-Mar-92,3640
23-Mar-92,6309
24-Mar-92,6267
25-Mar-92,5675
26-Mar-92,7782
27-Mar-92,7568
28-Mar-92,7395
29-Mar-92,5191
30-Mar-92,5449
31-Mar-92,8696
1-Apr-92,7523
2-Apr-92,7413
3-Apr-92,3511
4-Apr-92,7169
5-Apr-92,7520
6-Apr-92,5030
7-Apr-92,5445
8-Apr-92,7340
9-Apr-92,8163
10-Apr-92,5535
11-Apr-92,5597
12-Apr-92,5566
13-Apr-92,7414
14-Apr-92,7330
15-Apr-92,8037
16-Apr-92,6890
17-Apr-92,7056
18-Apr-92,6474
19-Apr-92,6991
20-Apr-92,6300
21-Apr-92,5678
22-Apr-92,4973
23-Apr-92,6063
24-Apr-92,4966
25-Apr-92,7991
26-Apr-92,8596
27-Apr-92,8455
28-Apr-92,7107
29-Apr-92,8378
30-Apr-92,4990
1-May-92,7854
2-May-92,8190
3-May-92,8406
4-May-92,8377
5-May-92,7306
6-May-92,5595
7-May-92,7278
8-May-92,7760
9-May-92,7787
10-May-92,7863
11-May-92,8437
12-May-92,7320
13-May-92,6725
14-May-92,5035
15-May-92,5574
16-May-92,6332
17-May-92,5975
18-May-92,5020
19-May-92,7370
20-May-92,7769
21-May-92,4391
22-May-92,6261
23-May-92,6476
24-May-92,7442
25-May-92,8543
26-May-92,8479
27-May-92,7738
28-May-92,6138
29-May-92,8141
30-May-92,7294
31-May-92,7233
1-Jun-92,9089
2-Jun-92,5669
3-Jun-92,5456
4-Jun-92,7781
5-Jun-92,7507
6-Jun-92,6894
7-Jun-92,7253
8-Jun-92,7248
9-Jun-92,6525
10-Jun-92,6519
11-Jun-92,6424
12-Jun-92,6998
13-Jun-92,6700
14-Jun-92,8357
15-Jun-92,6377
16-Jun-92,6722
17-Jun-92,6766
18-Jun-92,6526
19-Jun-92,7086
20-Jun-92,6935
21-Jun-92,7378
22-Jun-92,8322
23-Jun-92,7197
24-Jun-92,6168
25-Jun-92,5271
26-Jun-92,5015
27-Jun-92,4769
28-Jun-92,5815
29-Jun-92,6348
30-Jun-92,7690
1-Jul-92,10210
2-Jul-92,10348
3-Jul-92,10723
4-Jul-92,9288
5-Jul-92,8808
6-Jul-92,8919
7-Jul-92,7933
8-Jul-92,8327
9-Jul-92,8160
10-Jul-92,8856
11-Jul-92,8281
12-Jul-92,8282
13-Jul-92,7933
14-Jul-92,7354
15-Jul-92,6022
16-Jul-92,8279
17-Jul-92,7615
18-Jul-92,6240
19-Jul-92,7561
20-Jul-92,7234
21-Jul-92,6804
22-Jul-92,7705
23-Jul-92,7662
24-Jul-92,7120
25-Jul-92,9468
26-Jul-92,9178
27-Jul-92,9577
28-Jul-92,9326
29-Jul-92,7715
30-Jul-92,7732
31-Jul-92,7380
1-Aug-92,7434
2-Aug-92,6648
3-Aug-92,7433
4-Aug-92,6443
5-Aug-92,6106
6-Aug-92,6580
7-Aug-92,7224
8-Aug-92,7133
9-Aug-92,6535
10-Aug-92,6320
11-Aug-92,5852
12-Aug-92,6933
13-Aug-92,7113
14-Aug-92,6805
15-Aug-92,6674
16-Aug-92,6958
17-Aug-92,7257
18-Aug-92,6502
19-Aug-92,6605
20-Aug-92,6401
21-Aug-92,7331
22-Aug-92,6951
23-Aug-92,7121
24-Aug-92,6974
25-Aug-92,7016
26-Aug-92,7779
27-Aug-92,7381
28-Aug-92,6444
29-Aug-92,6341
30-Aug-92,5781
31-Aug-92,6060
1-Sep-92,7411
2-Sep-92,7396
3-Sep-92,5805
4-Sep-92,6796
5-Sep-92,8236
6-Sep-92,7261
7-Sep-92,7158
8-Sep-92,6164
9-Sep-92,5807
10-Sep-92,5557
11-Sep-92,5226
12-Sep-92,5639
13-Sep-92,5788
14-Sep-92,6064
15-Sep-92,5654
16-Sep-92,5226
17-Sep-92,5819
18-Sep-92,5966
19-Sep-92,5153
20-Sep-92,4383
21-Sep-92,5477
22-Sep-92,6427
23-Sep-92,5554
24-Sep-92,5731
25-Sep-92,5061
26-Sep-92,4667
27-Sep-92,5643
28-Sep-92,4979
29-Sep-92,5590
30-Sep-92,4926
1-Oct-92,4123
2-Oct-92,4877
3-Oct-92,5640
4-Oct-92,5548
5-Oct-92,7275
6-Oct-92,5077
7-Oct-92,3176
8-Oct-92,4748
9-Oct-92,6293
10-Oct-92,5586
11-Oct-92,4028
12-Oct-92,5818
13-Oct-92,6059
14-Oct-92,6622
15-Oct-92,5835
16-Oct-92,5345
17-Oct-92,5059
18-Oct-92,5365
19-Oct-92,5674
20-Oct-92,5591
21-Oct-92,5316
22-Oct-92,4817
23-Oct-92,4400
24-Oct-92,5196
25-Oct-92,5966
26-Oct-92,5433
27-Oct-92,5018
28-Oct-92,4298
29-Oct-92,5081
30-Oct-92,4507
31-Oct-92,4990
1-Nov-92,5247
2-Nov-92,5421
3-Nov-92,4962
4-Nov-92,5352
5-Nov-92,4668
6-Nov-92,4314
7-Nov-92,3740
8-Nov-92,2654
9-Nov-92,3322
10-Nov-92,2953
11-Nov-92,3949
12-Nov-92,4916
13-Nov-92,4230
14-Nov-92,4542
15-Nov-92,5285
16-Nov-92,3815
17-Nov-92,3944
18-Nov-92,3979
19-Nov-92,4150
20-Nov-92,3022
21-Nov-92,4388
22-Nov-92,2992
23-Nov-92,3081
24-Nov-92,3453
25-Nov-92,4858
26-Nov-92,3288
27-Nov-92,3473
28-Nov-92,1942
29-Nov-92,4568
30-Nov-92,4428
1-Dec-92,3893
2-Dec-92,3505
3-Dec-92,4241
4-Dec-92,4080
5-Dec-92,4138
6-Dec-92,3262
7-Dec-92,3875
8-Dec-92,3881
9-Dec-92,4087
10-Dec-92,3283
11-Dec-92,4681
12-Dec-92,3969
13-Dec-92,3411
14-Dec-92,3591
15-Dec-92,3266
16-Dec-92,3896
17-Dec-92,4130
18-Dec-92,3571
19-Dec-92,3695
20-Dec-92,3865
21-Dec-92,3807
22-Dec-92,4033
23-Dec-92,4251
24-Dec-92,3428
25-Dec-92,3474
26-Dec-92,2967
27-Dec-92,3832
28-Dec-92,4263
29-Dec-92,3974
30-Dec-92,3265
31-Dec-92,3285
1-Jan-93,2765
2-Jan-93,3354
3-Jan-93,2834
4-Jan-93,4223
5-Jan-93,3410
6-Jan-93,3300
7-Jan-93,3365
8-Jan-93,4182
9-Jan-93,2601
10-Jan-93,3395
11-Jan-93,4025
12-Jan-93,4150
13-Jan-93,3966
14-Jan-93,3123
15-Jan-93,3341
16-Jan-93,3122
17-Jan-93,4213
18-Jan-93,4127
19-Jan-93,4351
20-Jan-93,4517
21-Jan-93,3815
22-Jan-93,4075
23-Jan-93,4500
24-Jan-93,4579
25-Jan-93,3120
26-Jan-93,2930
27-Jan-93,4039
28-Jan-93,4585
29-Jan-93,4556
30-Jan-93,3345
31-Jan-93,4081
1-Feb-93,5305
2-Feb-93,4337
3-Feb-93,4025
4-Feb-93,3446
5-Feb-93,3776
6-Feb-93,3784
7-Feb-93,4467
8-Feb-93,5040
9-Feb-93,3984
10-Feb-93,4213
11-Feb-93,4607
12-Feb-93,4700
13-Feb-93,5033
14-Feb-93,5225
15-Feb-93,5392
16-Feb-93,6465
17-Feb-93,3945
18-Feb-93,6036
19-Feb-93,5147
20-Feb-93,4827
21-Feb-93,4669
22-Feb-93,4993
23-Feb-93,5692
24-Feb-93,6088
25-Feb-93,5192
26-Feb-93,3426
27-Feb-93,5756
28-Feb-93,5791
1-Mar-93,6088
2-Mar-93,6210
3-Mar-93,7526
4-Mar-93,7132
5-Mar-93,6979
6-Mar-93,5753
7-Mar-93,4781
8-Mar-93,6189
9-Mar-93,5509
10-Mar-93,6617
11-Mar-93,6565
12-Mar-93,6458
13-Mar-93,6492
14-Mar-93,5424
15-Mar-93,5366
16-Mar-93,5156
17-Mar-93,4604
18-Mar-93,4749
19-Mar-93,5460
20-Mar-93,3527
21-Mar-93,4249
22-Mar-93,5853
23-Mar-93,5091
24-Mar-93,5727
25-Mar-93,4973
26-Mar-93,5672
27-Mar-93,6597
28-Mar-93,7846
29-Mar-93,7594
30-Mar-93,5937
31-Mar-93,6826
1-Apr-93,7854
2-Apr-93,7688
3-Apr-93,7015
4-Apr-93,7454
5-Apr-93,6971
6-Apr-93,7526
7-Apr-93,6896
8-Apr-93,7321
9-Apr-93,5642
10-Apr-93,8002
11-Apr-93,7797
12-Apr-93,7540
13-Apr-93,7871
14-Apr-93,8509
15-Apr-93,7760
16-Apr-93,6996
17-Apr-93,7321
18-Apr-93,7613
19-Apr-93,7301
20-Apr-93,6434
21-Apr-93,6786
22-Apr-93,8626
23-Apr-93,7920
24-Apr-93,7692
25-Apr-93,6626
26-Apr-93,7080
27-Apr-93,6234
28-Apr-93,6972
29-Apr-93,6796
30-Apr-93,8294
1-May-93,7849
2-May-93,6754
3-May-93,5919
4-May-93,7871
5-May-93,6879
6-May-93,7888
7-May-93,7236
8-May-93,7223
9-May-93,6979
10-May-93,7686
11-May-93,8027
12-May-93,5335
13-May-93,8037
14-May-93,8697
15-May-93,7537
16-May-93,8543
17-May-93,8060
18-May-93,8023
19-May-93,6276
20-May-93,7468
21-May-93,9109
22-May-93,7930
23-May-93,8456
24-May-93,8394
25-May-93,8048
26-May-93,8422
27-May-93,7668
28-May-93,4324
29-May-93,6823
30-May-93,6376
31-May-93,5631
1-Jun-93,7494
2-Jun-93,6164
3-Jun-93,8195
4-Jun-93,7114
5-Jun-93,7335
6-Jun-93,8485
7-Jun-93,9688
8-Jun-93,9287
9-Jun-93,9294
10-Jun-93,8970
11-Jun-93,8401
12-Jun-93,7930
13-Jun-93,6478
14-Jun-93,6747
15-Jun-93,6673
16-Jun-93,6810
17-Jun-93,7313
18-Jun-93,8342
19-Jun-93,6587
20-Jun-93,5824
21-Jun-93,7253
22-Jun-93,7109
23-Jun-93,6400
24-Jun-93,6987
25-Jun-93,6639
26-Jun-93,6716
27-Jun-93,6472
28-Jun-93,7346
29-Jun-93,7177
30-Jun-93,7570
1-Jul-93,6363
2-Jul-93,6871
3-Jul-93,7499
4-Jul-93,7859
5-Jul-93,7481
6-Jul-93,7631
7-Jul-93,6541
8-Jul-93,7103
9-Jul-93,7332
10-Jul-93,7611
11-Jul-93,7458
12-Jul-93,7202
13-Jul-93,8275
14-Jul-93,6418
15-Jul-93,6899
16-Jul-93,7095
17-Jul-93,7735
18-Jul-93,8284
19-Jul-93,8221
20-Jul-93,7469
21-Jul-93,6730
22-Jul-93,6826
23-Jul-93,6202
24-Jul-93,6734
25-Jul-93,7928
26-Jul-93,7421
27-Jul-93,5367
28-Jul-93,5523
29-Jul-93,6407
30-Jul-93,7183
31-Jul-93,7084
1-Aug-93,7284
2-Aug-93,6445
3-Aug-93,7892
4-Aug-93,8236
5-Aug-93,8858
6-Aug-93,9373
7-Aug-93,8808
8-Aug-93,7686
9-Aug-93,6764
10-Aug-93,6801
11-Aug-93,6324
12-Aug-93,6458
13-Aug-93,6484
14-Aug-93,6661
15-Aug-93,6369
16-Aug-93,6813
17-Aug-93,6633
18-Aug-93,7852
19-Aug-93,7872
20-Aug-93,7744
21-Aug-93,6590
22-Aug-93,5904
23-Aug-93,6178
24-Aug-93,6032
25-Aug-93,5679
26-Aug-93,5697
27-Aug-93,5347
28-Aug-93,5841
29-Aug-93,5579
30-Aug-93,5086
31-Aug-93,5665
1-Sep-93,6430
2-Sep-93,6125
3-Sep-93,7406
4-Sep-93,6927
5-Sep-93,5338
6-Sep-93,5839
7-Sep-93,5383
8-Sep-93,5349
9-Sep-93,5880
10-Sep-93,6510
11-Sep-93,5494
12-Sep-93,6270
13-Sep-93,6659
14-Sep-93,5668
15-Sep-93,6490
16-Sep-93,6859
17-Sep-93,5943
18-Sep-93,6538
19-Sep-93,6267
20-Sep-93,5454
21-Sep-93,5357
22-Sep-93,6853
23-Sep-93,5378
24-Sep-93,7161
25-Sep-93,5679
26-Sep-93,6017
27-Sep-93,5622
28-Sep-93,5277
29-Sep-93,6950
30-Sep-93,7212
1-Oct-93,6707
2-Oct-93,5586
3-Oct-93,4894
4-Oct-93,5286
5-Oct-93,5226
6-Oct-93,5189
7-Oct-93,5299
8-Oct-93,4989
9-Oct-93,4528
10-Oct-93,4740
11-Oct-93,6028
12-Oct-93,6344
13-Oct-93,6063
14-Oct-93,4565
15-Oct-93,4588
16-Oct-93,4521
17-Oct-93,5276
18-Oct-93,5537
19-Oct-93,4568
20-Oct-93,5904
21-Oct-93,5504
22-Oct-93,5624
23-Oct-93,5114
24-Oct-93,4514
25-Oct-93,4040
26-Oct-93,5310
27-Oct-93,5461
28-Oct-93,4913
29-Oct-93,5224
30-Oct-93,5972
31-Oct-93,3268
1-Nov-93,5024
2-Nov-93,4166
3-Nov-93,4318
4-Nov-93,4570
5-Nov-93,4937
6-Nov-93,4899
7-Nov-93,2955
8-Nov-93,3211
9-Nov-93,3513
10-Nov-93,3077
11-Nov-93,4915
12-Nov-93,5111
13-Nov-93,2947
14-Nov-93,5056
15-Nov-93,3360
16-Nov-93,4752
17-Nov-93,3680
18-Nov-93,3193
19-Nov-93,4139
20-Nov-93,3864
21-Nov-93,3310
22-Nov-93,4547
23-Nov-93,4161
24-Nov-93,3930
25-Nov-93,2342
26-Nov-93,2715
27-Nov-93,2563
28-Nov-93,4389
29-Nov-93,4714
30-Nov-93,3971
1-Dec-93,4030
2-Dec-93,4893
3-Dec-93,3879
4-Dec-93,3760
5-Dec-93,4306
6-Dec-93,3773
7-Dec-93,3893
8-Dec-93,4015
9-Dec-93,3835
10-Dec-93,3872
11-Dec-93,4691
12-Dec-93,4114
13-Dec-93,3010
14-Dec-93,3744
15-Dec-93,3314
16-Dec-93,3429
17-Dec-93,3231
18-Dec-93,3293
19-Dec-93,3539
20-Dec-93,2952
21-Dec-93,2751
22-Dec-93,3464
23-Dec-93,2466
24-Dec-93,1756
25-Dec-93,1892
26-Dec-93,3551
27-Dec-93,3523
28-Dec-93,3668
29-Dec-93,3374
30-Dec-93,2117
31-Dec-93,3079
1-Jan-94,3327
2-Jan-94,3479
3-Jan-94,3677
4-Jan-94,4086
5-Jan-94,4139
6-Jan-94,3633
7-Jan-94,4212
8-Jan-94,2663
9-Jan-94,3153
10-Jan-94,2855
11-Jan-94,3332
12-Jan-94,3214
13-Jan-94,3268
14-Jan-94,4952
15-Jan-94,4268
16-Jan-94,4205
17-Jan-94,3635
18-Jan-94,3356
19-Jan-94,4325
20-Jan-94,3626
21-Jan-94,4279
22-Jan-94,4528
23-Jan-94,4191
24-Jan-94,4176
25-Jan-94,4281
26-Jan-94,2610
27-Jan-94,2794
28-Jan-94,4488
29-Jan-94,4630
30-Jan-94,4625
31-Jan-94,2303
1-Feb-94,1853
2-Feb-94,1179
3-Feb-94,4227
4-Feb-94,3674
5-Feb-94,4880
6-Feb-94,5096
7-Feb-94,5497
8-Feb-94,5504
9-Feb-94,5562
10-Feb-94,5602
11-Feb-94,4767
12-Feb-94,4687
13-Feb-94,4109
14-Feb-94,5668
15-Feb-94,5160
16-Feb-94,3559
17-Feb-94,3249
18-Feb-94,5199
19-Feb-94,5473
20-Feb-94,3451
21-Feb-94,4208
22-Feb-94,5277
23-Feb-94,5693
24-Feb-94,4280
25-Feb-94,5018
26-Feb-94,5850
27-Feb-94,4189
28-Feb-94,5701
1-Mar-94,4692
2-Mar-94,4249
3-Mar-94,5283
4-Mar-94,6402
5-Mar-94,5709
6-Mar-94,6112
7-Mar-94,4196
8-Mar-94,5907
9-Mar-94,5426
10-Mar-94,7210
11-Mar-94,7076
12-Mar-94,5206
13-Mar-94,5587
14-Mar-94,6151
15-Mar-94,6894
16-Mar-94,5852
17-Mar-94,7507
18-Mar-94,7299
19-Mar-94,5767
20-Mar-94,6027
21-Mar-94,6677
22-Mar-94,6951
23-Mar-94,5562
24-Mar-94,7285
25-Mar-94,6819
26-Mar-94,6915
27-Mar-94,8002
28-Mar-94,7477
29-Mar-94,3404
30-Mar-94,3319
31-Mar-94,5040
1-Apr-94,7371
2-Apr-94,5584
3-Apr-94,6135
4-Apr-94,7077
5-Apr-94,6452
6-Apr-94,5804
7-Apr-94,5848
8-Apr-94,4599
9-Apr-94,6354
10-Apr-94,5961
11-Apr-94,5680
12-Apr-94,6999
13-Apr-94,5782
14-Apr-94,6807
15-Apr-94,7691
16-Apr-94,7328
17-Apr-94,5591
18-Apr-94,6242
19-Apr-94,6465
20-Apr-94,6156
21-Apr-94,5978
22-Apr-94,7060
23-Apr-94,5861
24-Apr-94,6025
25-Apr-94,5887
26-Apr-94,5508
27-Apr-94,6216
28-Apr-94,7675
29-Apr-94,7663
30-Apr-94,8104
1-May-94,8106
2-May-94,6577
3-May-94,6698
4-May-94,6382
5-May-94,8075
6-May-94,8356
7-May-94,8550
8-May-94,7419
9-May-94,7051
10-May-94,5913
11-May-94,6496
12-May-94,7268
13-May-94,6605
14-May-94,7026
15-May-94,7107
16-May-94,8194
17-May-94,6661
18-May-94,6490
19-May-94,5550
20-May-94,6165
21-May-94,7781
22-May-94,9244
23-May-94,8597
24-May-94,8814
25-May-94,7632
26-May-94,6231
27-May-94,7940
28-May-94,7532
29-May-94,7274
30-May-94,6390
31-May-94,6971
1-Jun-94,6504
2-Jun-94,5921
3-Jun-94,6413
4-Jun-94,5852
5-Jun-94,5680
6-Jun-94,6230
7-Jun-94,6274
8-Jun-94,7278
9-Jun-94,7227
10-Jun-94,8566
11-Jun-94,8154
12-Jun-94,8553
13-Jun-94,8880
14-Jun-94,8186
15-Jun-94,8483
16-Jun-94,7273
17-Jun-94,6662
18-Jun-94,5995
19-Jun-94,6463
20-Jun-94,6588
21-Jun-94,7509
22-Jun-94,7285
23-Jun-94,7583
24-Jun-94,9711
25-Jun-94,10326
26-Jun-94,6180
27-Jun-94,8663
28-Jun-94,7931
29-Jun-94,7819
30-Jun-94,7107
1-Jul-94,5971
2-Jul-94,7260
3-Jul-94,7495
4-Jul-94,5493
5-Jul-94,7657
6-Jul-94,6976
7-Jul-94,8325
8-Jul-94,8375
9-Jul-94,7606
10-Jul-94,7184
11-Jul-94,7849
12-Jul-94,7185
13-Jul-94,8094
14-Jul-94,8925
15-Jul-94,8247
16-Jul-94,8248
17-Jul-94,7751
18-Jul-94,7949
19-Jul-94,8103
20-Jul-94,7936
21-Jul-94,6723
22-Jul-94,6688
23-Jul-94,6193
24-Jul-94,6618
25-Jul-94,6734
26-Jul-94,6819
27-Jul-94,7556
28-Jul-94,6741
29-Jul-94,7041
30-Jul-94,6805
31-Jul-94,7250
1-Aug-94,7826
2-Aug-94,6935
3-Aug-94,7104
4-Aug-94,7136
5-Aug-94,5923
6-Aug-94,6324
7-Aug-94,6005
8-Aug-94,6700
9-Aug-94,5478
10-Aug-94,6936
11-Aug-94,7290
12-Aug-94,6565
13-Aug-94,6997
14-Aug-94,7054
15-Aug-94,7486
16-Aug-94,7570
17-Aug-94,7333
18-Aug-94,6302
19-Aug-94,6265
20-Aug-94,7200
21-Aug-94,6691
22-Aug-94,6066
23-Aug-94,6363
24-Aug-94,6420
25-Aug-94,6717
26-Aug-94,7317
27-Aug-94,7042
28-Aug-94,5242
29-Aug-94,7521
30-Aug-94,7436
31-Aug-94,7702
1-Sep-94,7303
2-Sep-94,7120
3-Sep-94,6947
4-Sep-94,5354
5-Sep-94,4443
6-Sep-94,5134
7-Sep-94,5677
8-Sep-94,6426
9-Sep-94,6625
10-Sep-94,5771
11-Sep-94,5528
12-Sep-94,5773
13-Sep-94,5604
14-Sep-94,5444
15-Sep-94,6899
16-Sep-94,6708
17-Sep-94,7052
18-Sep-94,5353
19-Sep-94,5333
20-Sep-94,4573
21-Sep-94,5292
22-Sep-94,6649
23-Sep-94,5444
24-Sep-94,6174
25-Sep-94,4844
26-Sep-94,4778
27-Sep-94,4963
28-Sep-94,4672
29-Sep-94,4628
30-Sep-94,4790
1-Oct-94,4451
2-Oct-94,5007
3-Oct-94,6430
4-Oct-94,5478
5-Oct-94,4774
6-Oct-94,4562
7-Oct-94,5269
8-Oct-94,4791
9-Oct-94,6015
10-Oct-94,6046
11-Oct-94,4680
12-Oct-94,4645
13-Oct-94,4759
14-Oct-94,4003
15-Oct-94,6535
16-Oct-94,4138
17-Oct-94,6135
18-Oct-94,4795
19-Oct-94,6240
20-Oct-94,5795
21-Oct-94,5782
22-Oct-94,5539
23-Oct-94,5311
24-Oct-94,5410
25-Oct-94,5898
26-Oct-94,4149
27-Oct-94,3417
28-Oct-94,4818
29-Oct-94,4134
30-Oct-94,4904
31-Oct-94,4197
1-Nov-94,4711
2-Nov-94,5856
3-Nov-94,5494
4-Nov-94,5833
5-Nov-94,5523
6-Nov-94,5335
7-Nov-94,5550
8-Nov-94,5594
9-Nov-94,4522
10-Nov-94,3151
11-Nov-94,4126
12-Nov-94,4081
13-Nov-94,5113
14-Nov-94,3431
15-Nov-94,2916
16-Nov-94,2094
17-Nov-94,4154
18-Nov-94,4650
19-Nov-94,4322
20-Nov-94,3486
21-Nov-94,3131
22-Nov-94,4493
23-Nov-94,4952
24-Nov-94,3945
25-Nov-94,4326
26-Nov-94,4514
27-Nov-94,3751
28-Nov-94,4346
29-Nov-94,4561
30-Nov-94,4258
1-Dec-94,3335
2-Dec-94,3882
3-Dec-94,3924
4-Dec-94,4024
5-Dec-94,4160
6-Dec-94,4265
7-Dec-94,3316
8-Dec-94,3264
9-Dec-94,2467
10-Dec-94,4439
11-Dec-94,3720
12-Dec-94,3935
13-Dec-94,4076
14-Dec-94,3966
15-Dec-94,3731
16-Dec-94,3265
17-Dec-94,3525
18-Dec-94,3573
19-Dec-94,4624
20-Dec-94,3703
21-Dec-94,3554
22-Dec-94,3983
23-Dec-94,3811
24-Dec-94,4053
25-Dec-94,3665
26-Dec-94,3685
27-Dec-94,3480
28-Dec-94,3535
29-Dec-94,3114
30-Dec-94,2930
31-Dec-94,3180
1-Jan-95,3363
2-Jan-95,3831
3-Jan-95,2752
4-Jan-95,2432
5-Jan-95,3863
6-Jan-95,3382
7-Jan-95,2439
8-Jan-95,4219
9-Jan-95,4190
10-Jan-95,4271
11-Jan-95,3885
12-Jan-95,3700
13-Jan-95,4371
14-Jan-95,3666
15-Jan-95,4339
16-Jan-95,4079
17-Jan-95,3827
18-Jan-95,3884
19-Jan-95,4130
20-Jan-95,4747
21-Jan-95,4067
22-Jan-95,4222
23-Jan-95,4832
24-Jan-95,5025
25-Jan-95,4554
26-Jan-95,4485
27-Jan-95,4232
28-Jan-95,4995
29-Jan-95,4079
30-Jan-95,1758
31-Jan-95,4204
1-Feb-95,4453
2-Feb-95,4464
3-Feb-95,4911
4-Feb-95,5315
5-Feb-95,4289
6-Feb-95,4567
7-Feb-95,4841
8-Feb-95,4625
9-Feb-95,4290
10-Feb-95,4962
11-Feb-95,5576
12-Feb-95,3689
13-Feb-95,3001
14-Feb-95,2776
15-Feb-95,5213
16-Feb-95,5816
17-Feb-95,5594
18-Feb-95,2942
19-Feb-95,3139
20-Feb-95,2985
21-Feb-95,6603
22-Feb-95,5637
23-Feb-95,4315
24-Feb-95,4019
25-Feb-95,5651
26-Feb-95,4186
27-Feb-95,4797
28-Feb-95,3929
1-Mar-95,5569
2-Mar-95,6058
3-Mar-95,5004
4-Mar-95,6413
5-Mar-95,5949
6-Mar-95,5666
7-Mar-95,6227
8-Mar-95,4439
9-Mar-95,5881
10-Mar-95,4835
11-Mar-95,4485
12-Mar-95,5678
13-Mar-95,5288
14-Mar-95,6695
15-Mar-95,3811
16-Mar-95,5783
17-Mar-95,4484
18-Mar-95,4563
19-Mar-95,5137
20-Mar-95,6988
21-Mar-95,7323
22-Mar-95,7561
23-Mar-95,8461
24-Mar-95,8460
25-Mar-95,6885
26-Mar-95,8173
27-Mar-95,7820
28-Mar-95,6844
29-Mar-95,7747
30-Mar-95,7206
31-Mar-95,6578
1-Apr-95,4909
2-Apr-95,7018
3-Apr-95,7313
4-Apr-95,5870
5-Apr-95,5840
6-Apr-95,5698
7-Apr-95,5849
8-Apr-95,4647
9-Apr-95,7124
10-Apr-95,7828
11-Apr-95,7262
12-Apr-95,7915
13-Apr-95,6735
14-Apr-95,8562
15-Apr-95,7746
16-Apr-95,8346
17-Apr-95,8107
18-Apr-95,8642
19-Apr-95,8865
20-Apr-95,9338
21-Apr-95,8737
22-Apr-95,8991
23-Apr-95,8528
24-Apr-95,7658
25-Apr-95,4391
26-Apr-95,5907
27-Apr-95,5984
28-Apr-95,5463
29-Apr-95,6266
30-Apr-95,6822
1-May-95,8749
2-May-95,7298
3-May-95,7414
4-May-95,8208
5-May-95,7216
6-May-95,7890
7-May-95,7193
8-May-95,8645
9-May-95,7678
10-May-95,7743
11-May-95,7745
12-May-95,8457
13-May-95,8270
14-May-95,8524
15-May-95,9859
16-May-95,8955
17-May-95,9316
18-May-95,9762
19-May-95,8066
20-May-95,6601
21-May-95,7062
22-May-95,7666
23-May-95,7910
24-May-95,7130
25-May-95,6892
26-May-95,6740
27-May-95,6826
28-May-95,7871
29-May-95,8702
30-May-95,7942
31-May-95,7472
1-Jun-95,9566
2-Jun-95,6577
3-Jun-95,7018
4-Jun-95,5939
5-Jun-95,4634
6-Jun-95,7742
7-Jun-95,8492
8-Jun-95,8716
9-Jun-95,8006
10-Jun-95,9214
11-Jun-95,7960
12-Jun-95,6957
13-Jun-95,7201
14-Jun-95,9306
15-Jun-95,7702
16-Jun-95,7178
17-Jun-95,8462
18-Jun-95,7661
19-Jun-95,6360
20-Jun-95,6432
21-Jun-95,6697
22-Jun-95,4619
23-Jun-95,5823
24-Jun-95,5882
25-Jun-95,6400
26-Jun-95,7295
27-Jun-95,10068
28-Jun-95,8427
29-Jun-95,8318
30-Jun-95,7483
1-Jul-95,6478
2-Jul-95,7100
3-Jul-95,9782
4-Jul-95,9148
5-Jul-95,9255
6-Jul-95,8539
7-Jul-95,8932
8-Jul-95,8145
9-Jul-95,8389
10-Jul-95,7991
11-Jul-95,7703
12-Jul-95,5675
13-Jul-95,7903
14-Jul-95,7507
15-Jul-95,8179
16-Jul-95,6147
17-Jul-95,6416
18-Jul-95,6863
19-Jul-95,6032
20-Jul-95,6860
21-Jul-95,7042
22-Jul-95,7072
23-Jul-95,6975
24-Jul-95,7067
25-Jul-95,6250
26-Jul-95,6736
27-Jul-95,5067
28-Jul-95,7142
29-Jul-95,7437
30-Jul-95,6893
31-Jul-95,9427
1-Aug-95,7425
2-Aug-95,6059
3-Aug-95,6390
4-Aug-95,6497
5-Aug-95,8876
6-Aug-95,8449
7-Aug-95,9174
8-Aug-95,7976
9-Aug-95,5560
10-Aug-95,6731
11-Aug-95,5464
12-Aug-95,6512
13-Aug-95,6307
14-Aug-95,5383
15-Aug-95,6744
16-Aug-95,7518
17-Aug-95,7307
18-Aug-95,6614
19-Aug-95,5911
20-Aug-95,7275
21-Aug-95,6594
22-Aug-95,6254
23-Aug-95,5177
24-Aug-95,4620
25-Aug-95,5471
26-Aug-95,6841
27-Aug-95,7107
28-Aug-95,6805
29-Aug-95,6097
30-Aug-95,5551
31-Aug-95,6031
1-Sep-95,5792
2-Sep-95,4761
3-Sep-95,6838
4-Sep-95,4939
5-Sep-95,6099
6-Sep-95,5958
7-Sep-95,5772
8-Sep-95,6079
9-Sep-95,5921
10-Sep-95,5475
11-Sep-95,5302
12-Sep-95,5885
13-Sep-95,6553
14-Sep-95,6368
15-Sep-95,6431
16-Sep-95,6260
17-Sep-95,6319
18-Sep-95,5826
19-Sep-95,5592
20-Sep-95,3422
21-Sep-95,4619
22-Sep-95,5137
23-Sep-95,6544
24-Sep-95,6292
25-Sep-95,5916
26-Sep-95,7202
27-Sep-95,6985
28-Sep-95,5859
29-Sep-95,5021
30-Sep-95,5110
1-Oct-95,4552
2-Oct-95,5316
3-Oct-95,5603
4-Oct-95,6889
5-Oct-95,3677
6-Oct-95,4405
7-Oct-95,5976
8-Oct-95,4954
9-Oct-95,3869
10-Oct-95,5354
11-Oct-95,4346
12-Oct-95,5171
13-Oct-95,5487
14-Oct-95,4692
15-Oct-95,4120
16-Oct-95,2702
17-Oct-95,3163
18-Oct-95,3509
19-Oct-95,4840
20-Oct-95,5604
21-Oct-95,3629
22-Oct-95,4456
23-Oct-95,3814
24-Oct-95,6543
25-Oct-95,5108
26-Oct-95,5656
27-Oct-95,5141
28-Oct-95,5619
29-Oct-95,6218
30-Oct-95,4748
31-Oct-95,4456
1-Nov-95,4705
2-Nov-95,4503
3-Nov-95,3861
4-Nov-95,4745
5-Nov-95,5036
6-Nov-95,4536
7-Nov-95,5344
8-Nov-95,3155
9-Nov-95,4932
10-Nov-95,4299
11-Nov-95,4613
12-Nov-95,5156
13-Nov-95,2843
14-Nov-95,4824
15-Nov-95,4524
16-Nov-95,4692
17-Nov-95,4305
18-Nov-95,3484
19-Nov-95,4639
20-Nov-95,4086
21-Nov-95,4183
22-Nov-95,5040
23-Nov-95,4192
24-Nov-95,3465
25-Nov-95,4807
26-Nov-95,4127
27-Nov-95,4401
28-Nov-95,3330
29-Nov-95,3909
30-Nov-95,4652
1-Dec-95,4283
2-Dec-95,4023
3-Dec-95,3361
4-Dec-95,4016
5-Dec-95,4042
6-Dec-95,4088
7-Dec-95,4232
8-Dec-95,2587
9-Dec-95,3864
10-Dec-95,2935
11-Dec-95,3268
12-Dec-95,3495
13-Dec-95,3879
14-Dec-95,2986
15-Dec-95,4411
16-Dec-95,3762
17-Dec-95,4025
18-Dec-95,3494
19-Dec-95,4044
20-Dec-95,3590
21-Dec-95,3139
22-Dec-95,2810
23-Dec-95,3209
24-Dec-95,3404
25-Dec-95,3281
26-Dec-95,3266
27-Dec-95,2670
28-Dec-95,2677
29-Dec-95,2564
30-Dec-95,2478
31-Dec-95,3769
1-Jan-96,3404
2-Jan-96,3631
3-Jan-96,2485
4-Jan-96,3594
5-Jan-96,3835
6-Jan-96,3876
7-Jan-96,2454
8-Jan-96,3662
9-Jan-96,3521
10-Jan-96,3511
11-Jan-96,3587
12-Jan-96,3918
13-Jan-96,4111
14-Jan-96,3686
15-Jan-96,3456
16-Jan-96,3866
17-Jan-96,2669
18-Jan-96,4555
19-Jan-96,4114
20-Jan-96,4098
21-Jan-96,4301
22-Jan-96,5009
23-Jan-96,4105
24-Jan-96,5406
25-Jan-96,4531
26-Jan-96,3659
27-Jan-96,4323
28-Jan-96,4786
29-Jan-96,4251
30-Jan-96,4280
31-Jan-96,4988
1-Feb-96,4695
2-Feb-96,5104
3-Feb-96,3709
4-Feb-96,4618
5-Feb-96,3490
6-Feb-96,3596
7-Feb-96,3035
8-Feb-96,4333
9-Feb-96,4920
10-Feb-96,4959
11-Feb-96,4823
12-Feb-96,6247
13-Feb-96,5002
14-Feb-96,4911
15-Feb-96,4012
16-Feb-96,4752
17-Feb-96,5045
18-Feb-96,4034
19-Feb-96,5167
20-Feb-96,5249
21-Feb-96,5020
22-Feb-96,5483
23-Feb-96,5870
24-Feb-96,6018
25-Feb-96,5959
26-Feb-96,6294
27-Feb-96,6469
28-Feb-96,6684
29-Feb-96,5265
1-Mar-96,5607
2-Mar-96,3445
3-Mar-96,4343
4-Mar-96,5483
5-Mar-96,4835
6-Mar-96,5571
7-Mar-96,7396
8-Mar-96,4916
9-Mar-96,4638
10-Mar-96,3427
11-Mar-96,3642
12-Mar-96,7249
13-Mar-96,6615
14-Mar-96,6385
15-Mar-96,6920
16-Mar-96,7114
17-Mar-96,7769
18-Mar-96,6668
19-Mar-96,8465
20-Mar-96,5891
21-Mar-96,5260
22-Mar-96,6988
23-Mar-96,6976
24-Mar-96,6081
25-Mar-96,7395
26-Mar-96,6653
27-Mar-96,6096
28-Mar-96,6598
29-Mar-96,5760
30-Mar-96,5734
31-Mar-96,7466
1-Apr-96,6898
2-Apr-96,6474
3-Apr-96,6975
4-Apr-96,6821
5-Apr-96,6579
6-Apr-96,6659
7-Apr-96,4514
8-Apr-96,4893
9-Apr-96,5172
10-Apr-96,7427
11-Apr-96,7202
12-Apr-96,7593
13-Apr-96,7186
14-Apr-96,7433
15-Apr-96,7708
16-Apr-96,7251
17-Apr-96,7950
18-Apr-96,8055
19-Apr-96,7727
20-Apr-96,7632
21-Apr-96,6604
22-Apr-96,7102
23-Apr-96,7963
24-Apr-96,5824
25-Apr-96,6288
26-Apr-96,7200
27-Apr-96,8069
28-Apr-96,7813
29-Apr-96,7321
30-Apr-96,6130
1-May-96,5055
2-May-96,4085
3-May-96,5846
4-May-96,8733
5-May-96,8216
6-May-96,8806
7-May-96,9108
8-May-96,8552
9-May-96,5507
10-May-96,5966
11-May-96,5984
12-May-96,7382
13-May-96,8051
14-May-96,7628
15-May-96,8057
16-May-96,8079
17-May-96,8015
18-May-96,8148
19-May-96,7907
20-May-96,6009
21-May-96,4256
22-May-96,6225
23-May-96,7588
24-May-96,5513
25-May-96,6322
26-May-96,5983
27-May-96,6645
28-May-96,8514
29-May-96,6541
30-May-96,7381
31-May-96,8052
1-Jun-96,8520
2-Jun-96,5753
3-Jun-96,8756
4-Jun-96,9087
5-Jun-96,9675
6-Jun-96,9616
7-Jun-96,9093
8-Jun-96,7119
9-Jun-96,7705
10-Jun-96,7441
11-Jun-96,6477
12-Jun-96,7007
13-Jun-96,7436
14-Jun-96,8081
15-Jun-96,7253
16-Jun-96,6787
17-Jun-96,7209
18-Jun-96,7082
19-Jun-96,7382
20-Jun-96,6004
21-Jun-96,7124
22-Jun-96,6808
23-Jun-96,7471
24-Jun-96,7814
25-Jun-96,7501
26-Jun-96,7631
27-Jun-96,6724
28-Jun-96,7509
29-Jun-96,6801
30-Jun-96,8159
1-Jul-96,8649
2-Jul-96,8665
3-Jul-96,6731
4-Jul-96,7319
5-Jul-96,6691
6-Jul-96,7466
7-Jul-96,7767
8-Jul-96,8708
9-Jul-96,6518
10-Jul-96,8017
11-Jul-96,8007
12-Jul-96,7972
13-Jul-96,7030
14-Jul-96,7584
15-Jul-96,7400
16-Jul-96,7820
17-Jul-96,7956
18-Jul-96,6444
19-Jul-96,7084
20-Jul-96,8544
21-Jul-96,8800
22-Jul-96,7938
23-Jul-96,6612
24-Jul-96,9217
25-Jul-96,10266
26-Jul-96,9082
27-Jul-96,9643
28-Jul-96,10115
29-Jul-96,8556
30-Jul-96,7528
31-Jul-96,6676
1-Aug-96,7060
2-Aug-96,6113
3-Aug-96,5680
4-Aug-96,6320
5-Aug-96,5778
6-Aug-96,7871
7-Aug-96,7413
8-Aug-96,7019
9-Aug-96,5833
10-Aug-96,7199
11-Aug-96,6741
12-Aug-96,8509
13-Aug-96,7762
14-Aug-96,7081
15-Aug-96,5903
16-Aug-96,6939
17-Aug-96,6605
18-Aug-96,7041
19-Aug-96,7356
20-Aug-96,7315
21-Aug-96,7658
22-Aug-96,6884
23-Aug-96,6943
24-Aug-96,7451
25-Aug-96,7409
26-Aug-96,6318
27-Aug-96,6701
28-Aug-96,6793
29-Aug-96,7353
30-Aug-96,6382
31-Aug-96,5021
1-Sep-96,5476
2-Sep-96,5572
3-Sep-96,5425
4-Sep-96,7189
5-Sep-96,6409
6-Sep-96,6100
7-Sep-96,5700
8-Sep-96,5622
9-Sep-96,5807
10-Sep-96,5381
11-Sep-96,5537
12-Sep-96,5139
13-Sep-96,6734
14-Sep-96,6245
15-Sep-96,6860
16-Sep-96,5913
17-Sep-96,5450
18-Sep-96,5336
19-Sep-96,5636
20-Sep-96,5608
21-Sep-96,5320
22-Sep-96,6075
23-Sep-96,6500
24-Sep-96,6400
25-Sep-96,6041
26-Sep-96,6653
27-Sep-96,6426
28-Sep-96,5581
29-Sep-96,5249
30-Sep-96,5474
1-Oct-96,5495
2-Oct-96,4760
3-Oct-96,4213
4-Oct-96,5011
5-Oct-96,4012
6-Oct-96,4033
7-Oct-96,5529
8-Oct-96,4070
9-Oct-96,4868
10-Oct-96,6399
11-Oct-96,6001
12-Oct-96,4629
13-Oct-96,4459
14-Oct-96,5004
15-Oct-96,4659
16-Oct-96,4436
17-Oct-96,4495
18-Oct-96,4545
19-Oct-96,6324
20-Oct-96,5518
21-Oct-96,5665
22-Oct-96,5566
23-Oct-96,5681
24-Oct-96,5476
25-Oct-96,5916
26-Oct-96,5653
27-Oct-96,4196
28-Oct-96,5364
29-Oct-96,5155
30-Oct-96,4476
31-Oct-96,5496
1-Nov-96,5225
2-Nov-96,4646
3-Nov-96,5694
4-Nov-96,4674
5-Nov-96,3144
6-Nov-96,3009
7-Nov-96,4208
8-Nov-96,4798
9-Nov-96,6570
10-Nov-96,4962
11-Nov-96,5106
12-Nov-96,4331
13-Nov-96,3699
14-Nov-96,4946
15-Nov-96,4258
16-Nov-96,4598
17-Nov-96,4908
18-Nov-96,4448
19-Nov-96,4117
20-Nov-96,3647
21-Nov-96,3981
22-Nov-96,3776
23-Nov-96,4006
24-Nov-96,3740
25-Nov-96,3119
26-Nov-96,2838
27-Nov-96,3451
28-Nov-96,4215
29-Nov-96,3398
30-Nov-96,3905
1-Dec-96,4473
2-Dec-96,2892
3-Dec-96,3907
4-Dec-96,3700
5-Dec-96,3554
6-Dec-96,3497
7-Dec-96,2692
8-Dec-96,4694
9-Dec-96,4349
10-Dec-96,3558
11-Dec-96,3193
12-Dec-96,3700
13-Dec-96,2965
14-Dec-96,4270
15-Dec-96,3361
16-Dec-96,3022
17-Dec-96,3945
18-Dec-96,3691
19-Dec-96,2258
20-Dec-96,2642
21-Dec-96,1861
22-Dec-96,3543
23-Dec-96,2714
24-Dec-96,3463
25-Dec-96,3592
26-Dec-96,3422
27-Dec-96,3026
28-Dec-96,3575
29-Dec-96,3065
30-Dec-96,3285
31-Dec-96,2722
1-Jan-97,2765
2-Jan-97,3026
3-Jan-97,3355
4-Jan-97,3363
5-Jan-97,4144
6-Jan-97,3698
7-Jan-97,3536
8-Jan-97,3692
9-Jan-97,4222
10-Jan-97,3769
11-Jan-97,3641
12-Jan-97,3730
13-Jan-97,3542
14-Jan-97,3329
15-Jan-97,3311
16-Jan-97,4312
17-Jan-97,4182
18-Jan-97,3862
19-Jan-97,3451
20-Jan-97,2999
21-Jan-97,3613
22-Jan-97,3550
23-Jan-97,3303
24-Jan-97,3746
25-Jan-97,3634
26-Jan-97,4052
27-Jan-97,3527
28-Jan-97,3872
29-Jan-97,2989
30-Jan-97,3772
31-Jan-97,4575
1-Feb-97,3853
2-Feb-97,3684
3-Feb-97,4228
4-Feb-97,3066
5-Feb-97,3535
6-Feb-97,2601
7-Feb-97,3131
8-Feb-97,3418
9-Feb-97,4225
10-Feb-97,3881
11-Feb-97,4434
12-Feb-97,4013
13-Feb-97,3777
14-Feb-97,4410
15-Feb-97,3972
16-Feb-97,2719
17-Feb-97,4215
18-Feb-97,4444
19-Feb-97,3726
20-Feb-97,4837
21-Feb-97,4295
22-Feb-97,4857
23-Feb-97,5078
24-Feb-97,3744
25-Feb-97,3772
26-Feb-97,4615
27-Feb-97,4578
28-Feb-97,5476
1-Mar-97,5646
2-Mar-97,4989
3-Mar-97,5680
4-Mar-97,4693
5-Mar-97,5935
6-Mar-97,6043
7-Mar-97,6007
8-Mar-97,6093
9-Mar-97,5489
10-Mar-97,5494
11-Mar-97,5104
12-Mar-97,5867
13-Mar-97,4120
14-Mar-97,5311
15-Mar-97,6282
16-Mar-97,5758
17-Mar-97,5297
18-Mar-97,5105
19-Mar-97,4368
20-Mar-97,5108
21-Mar-97,4465
22-Mar-97,7058
23-Mar-97,5741
24-Mar-97,5622
25-Mar-97,4696
26-Mar-97,5697
27-Mar-97,5380
28-Mar-97,6071
29-Mar-97,6426
30-Mar-97,5685
31-Mar-97,5408
1-Apr-97,8086
2-Apr-97,4942
3-Apr-97,8213
4-Apr-97,7618
5-Apr-97,6907
6-Apr-97,6972
7-Apr-97,5302
8-Apr-97,7320
9-Apr-97,4872
10-Apr-97,6388
11-Apr-97,5371
12-Apr-97,5912
13-Apr-97,5716
14-Apr-97,4044
15-Apr-97,3395
16-Apr-97,4097
17-Apr-97,4770
18-Apr-97,8834
19-Apr-97,7439
20-Apr-97,7783
21-Apr-97,7269
22-Apr-97,8978
23-Apr-97,5837
24-Apr-97,8853
25-Apr-97,7734
26-Apr-97,5901
27-Apr-97,6888
28-Apr-97,6070
29-Apr-97,7807
30-Apr-97,8403
1-May-97,7626
2-May-97,6830
3-May-97,7046
4-May-97,4654
5-May-97,8312
6-May-97,7899
7-May-97,8088
8-May-97,8283
9-May-97,8101
10-May-97,7953
11-May-97,6133
12-May-97,5211
13-May-97,5814
14-May-97,7790
15-May-97,7941
16-May-97,5080
17-May-97,4751
18-May-97,5558
19-May-97,6788
20-May-97,5770
21-May-97,7438
22-May-97,6236
23-May-97,5297
24-May-97,5967
25-May-97,6769
26-May-97,6782
27-May-97,7510
28-May-97,7271
29-May-97,6776
30-May-97,7155
31-May-97,6675
1-Jun-97,7246
2-Jun-97,6088
3-Jun-97,6170
4-Jun-97,7609
5-Jun-97,5154
6-Jun-97,9213
7-Jun-97,7463
8-Jun-97,6187
9-Jun-97,6035
10-Jun-97,5826
11-Jun-97,6152
12-Jun-97,6186
13-Jun-97,7074
14-Jun-97,7112
15-Jun-97,7031
16-Jun-97,7053
17-Jun-97,7445
18-Jun-97,9254
19-Jun-97,9334
20-Jun-97,8185
21-Jun-97,8352
22-Jun-97,7519
23-Jun-97,7054
24-Jun-97,7898
25-Jun-97,6919
26-Jun-97,8300
27-Jun-97,7968
28-Jun-97,8207
29-Jun-97,7337
30-Jun-97,7463
1-Jul-97,6860
2-Jul-97,7394
3-Jul-97,7023
4-Jul-97,6701
5-Jul-97,6903
6-Jul-97,6528
7-Jul-97,8057
8-Jul-97,8352
9-Jul-97,6863
10-Jul-97,6329
11-Jul-97,6923
12-Jul-97,7165
13-Jul-97,6409
14-Jul-97,6642
15-Jul-97,6340
16-Jul-97,7490
17-Jul-97,6227
18-Jul-97,6061
19-Jul-97,6218
20-Jul-97,5446
21-Jul-97,6727
22-Jul-97,6838
23-Jul-97,6641
24-Jul-97,7402
25-Jul-97,7500
26-Jul-97,6576
27-Jul-97,6801
28-Jul-97,7244
29-Jul-97,6571
30-Jul-97,7057
31-Jul-97,6833
1-Aug-97,6405
2-Aug-97,6596
3-Aug-97,6786
4-Aug-97,7066
5-Aug-97,6466
6-Aug-97,5993
7-Aug-97,6516
8-Aug-97,5842
9-Aug-97,5809
10-Aug-97,6169
11-Aug-97,6206
12-Aug-97,5916
13-Aug-97,6455
14-Aug-97,5795
15-Aug-97,6411
16-Aug-97,6777
17-Aug-97,6873
18-Aug-97,6418
19-Aug-97,6636
20-Aug-97,6772
21-Aug-97,6404
22-Aug-97,5634
23-Aug-97,6087
24-Aug-97,5560
25-Aug-97,5485
26-Aug-97,6061
27-Aug-97,7390
28-Aug-97,8218
29-Aug-97,8427
30-Aug-97,7796
31-Aug-97,7159
1-Sep-97,5868
2-Sep-97,5902
3-Sep-97,6814
4-Sep-97,5810
5-Sep-97,7399
6-Sep-97,7494
7-Sep-97,7926
8-Sep-97,6911
9-Sep-97,5714
10-Sep-97,7025
11-Sep-97,6999
12-Sep-97,5736
13-Sep-97,5904
14-Sep-97,5613
15-Sep-97,5569
16-Sep-97,6072
17-Sep-97,6078
18-Sep-97,5921
19-Sep-97,6609
20-Sep-97,6192
21-Sep-97,6966
22-Sep-97,4850
23-Sep-97,5459
24-Sep-97,6520
25-Sep-97,6311
26-Sep-97,3597
27-Sep-97,2965
28-Sep-97,4401
29-Sep-97,5082
30-Sep-97,5903
1-Oct-97,6120
2-Oct-97,4478
3-Oct-97,6059
4-Oct-97,5371
5-Oct-97,5785
6-Oct-97,5698
7-Oct-97,6136
8-Oct-97,4359
9-Oct-97,5622
10-Oct-97,6554
11-Oct-97,5000
12-Oct-97,5740
13-Oct-97,6107
14-Oct-97,5864
15-Oct-97,4741
16-Oct-97,4137
17-Oct-97,4334
18-Oct-97,3402
19-Oct-97,6173
20-Oct-97,5782
21-Oct-97,5541
22-Oct-97,5324
23-Oct-97,5372
24-Oct-97,5461
25-Oct-97,4645
26-Oct-97,5905
27-Oct-97,4452
28-Oct-97,5146
29-Oct-97,4684
30-Oct-97,4389
31-Oct-97,4486
1-Nov-97,5475
2-Nov-97,4930
3-Nov-97,5020
4-Nov-97,4979
5-Nov-97,3848
6-Nov-97,3904
7-Nov-97,4676
8-Nov-97,4308
9-Nov-97,4096
10-Nov-97,4745
11-Nov-97,4593
12-Nov-97,4351
13-Nov-97,4182
14-Nov-97,3128
15-Nov-97,4775
16-Nov-97,3871
17-Nov-97,4355
18-Nov-97,3091
19-Nov-97,3972
20-Nov-97,4185
21-Nov-97,3568
22-Nov-97,3202
23-Nov-97,3107
24-Nov-97,4490
25-Nov-97,4170
26-Nov-97,3748
27-Nov-97,4506
28-Nov-97,3061
29-Nov-97,3643
30-Nov-97,3612
1-Dec-97,5102
2-Dec-97,3789
3-Dec-97,4387
4-Dec-97,2500
5-Dec-97,4578
6-Dec-97,4281
7-Dec-97,3631
8-Dec-97,3637
9-Dec-97,3498
10-Dec-97,4511
11-Dec-97,4005
12-Dec-97,3937
13-Dec-97,2058
14-Dec-97,1764
15-Dec-97,2953
16-Dec-97,4646
17-Dec-97,4076
18-Dec-97,3624
19-Dec-97,3709
20-Dec-97,2937
21-Dec-97,2807
22-Dec-97,3167
23-Dec-97,2885
24-Dec-97,4355
25-Dec-97,3752
26-Dec-97,3455
27-Dec-97,3369
28-Dec-97,3862
29-Dec-97,3108
30-Dec-97,3837
31-Dec-97,3944
1-Jan-98,3541
2-Jan-98,4352
3-Jan-98,2836
4-Jan-98,4425
5-Jan-98,3291
6-Jan-98,3472
7-Jan-98,4244
8-Jan-98,4215
9-Jan-98,3010
10-Jan-98,4546
11-Jan-98,4019
12-Jan-98,4071
13-Jan-98,4046
14-Jan-98,4380
15-Jan-98,3229
16-Jan-98,5165
17-Jan-98,3622
18-Jan-98,3781
19-Jan-98,3651
20-Jan-98,3951
21-Jan-98,3038
22-Jan-98,3706
23-Jan-98,4105
24-Jan-98,3485
25-Jan-98,4026
26-Jan-98,3581
27-Jan-98,4878
28-Jan-98,4772
29-Jan-98,4200
30-Jan-98,4414
31-Jan-98,4733
1-Feb-98,5083
2-Feb-98,5272
3-Feb-98,5295
4-Feb-98,5857
5-Feb-98,4721
6-Feb-98,2805
7-Feb-98,3873
8-Feb-98,3987
9-Feb-98,4300
10-Feb-98,4731
11-Feb-98,5279
12-Feb-98,5462
13-Feb-98,4781
14-Feb-98,4709
15-Feb-98,3408
16-Feb-98,4174
17-Feb-98,5525
18-Feb-98,5841
19-Feb-98,4538
20-Feb-98,4833
21-Feb-98,5813
22-Feb-98,5489
23-Feb-98,7114
24-Feb-98,6277
25-Feb-98,5562
26-Feb-98,5705
27-Feb-98,5004
28-Feb-98,4699
1-Mar-98,5073
2-Mar-98,7153
3-Mar-98,5817
4-Mar-98,5947
5-Mar-98,6404
6-Mar-98,5982
7-Mar-98,6127
8-Mar-98,6592
9-Mar-98,6902
10-Mar-98,5486
11-Mar-98,5795
12-Mar-98,5867
13-Mar-98,5513
14-Mar-98,6054
15-Mar-98,5901
16-Mar-98,7071
17-Mar-98,5469
18-Mar-98,6371
19-Mar-98,4500
20-Mar-98,6459
21-Mar-98,6689
22-Mar-98,5493
23-Mar-98,6790
24-Mar-98,7190
25-Mar-98,6837
26-Mar-98,5400
27-Mar-98,6790
28-Mar-98,5236
29-Mar-98,7344
30-Mar-98,5165
31-Mar-98,7444
1-Apr-98,4896
2-Apr-98,6160
3-Apr-98,8159
4-Apr-98,8375
5-Apr-98,7538
6-Apr-98,4600
7-Apr-98,6845
8-Apr-98,7686
9-Apr-98,8508
10-Apr-98,8033
11-Apr-98,6939
12-Apr-98,7926
13-Apr-98,7623
14-Apr-98,6732
15-Apr-98,7132
16-Apr-98,7985
17-Apr-98,8737
18-Apr-98,7991
19-Apr-98,8259
20-Apr-98,5585
21-Apr-98,6040
22-Apr-98,8930
23-Apr-98,8508
24-Apr-98,7308
25-Apr-98,7844
26-Apr-98,6959
27-Apr-98,6502
28-Apr-98,6656
29-Apr-98,6370
30-Apr-98,5566
1-May-98,7071
2-May-98,8868
3-May-98,8448
4-May-98,6947
5-May-98,6745
6-May-98,6734
7-May-98,8782
8-May-98,10026
9-May-98,10813
10-May-98,10336
11-May-98,10435
12-May-98,8780
13-May-98,9323
14-May-98,9339
15-May-98,9309
16-May-98,9059
17-May-98,9312
18-May-98,9144
19-May-98,8669
20-May-98,8671
21-May-98,9111
22-May-98,9503
23-May-98,9646
24-May-98,9305
25-May-98,9334
26-May-98,7032
27-May-98,5489
28-May-98,5359
29-May-98,5627
30-May-98,4720
31-May-98,6820
1-Jun-98,6796
2-Jun-98,9784
3-Jun-98,10237
4-Jun-98,9933
5-Jun-98,9075
6-Jun-98,10122
7-Jun-98,8378
8-Jun-98,6380
9-Jun-98,8670
10-Jun-98,8580
11-Jun-98,8106
12-Jun-98,7724
13-Jun-98,10019
14-Jun-98,10540
15-Jun-98,9748
16-Jun-98,7588
17-Jun-98,8419
18-Jun-98,8239
19-Jun-98,8591
20-Jun-98,8346
21-Jun-98,8798
22-Jun-98,7976
23-Jun-98,9299
24-Jun-98,7703
25-Jun-98,7459
26-Jun-98,6223
27-Jun-98,7464
28-Jun-98,6983
29-Jun-98,8211
30-Jun-98,8897
1-Jul-98,9379
2-Jul-98,9081
3-Jul-98,9334
4-Jul-98,8746
5-Jul-98,6917
6-Jul-98,7507
7-Jul-98,6379
8-Jul-98,6670
9-Jul-98,6787
10-Jul-98,7013
11-Jul-98,7256
12-Jul-98,6452
13-Jul-98,6743
14-Jul-98,6983
15-Jul-98,6321
16-Jul-98,6079
17-Jul-98,6652
18-Jul-98,6779
19-Jul-98,6232
20-Jul-98,6859
21-Jul-98,6173
22-Jul-98,8087
23-Jul-98,9853
24-Jul-98,8958
25-Jul-98,8460
26-Jul-98,8353
27-Jul-98,8201
28-Jul-98,8418
29-Jul-98,7975
30-Jul-98,8153
31-Jul-98,7079
1-Aug-98,7632
2-Aug-98,5860
3-Aug-98,6246
4-Aug-98,6690
5-Aug-98,5597
6-Aug-98,5937
7-Aug-98,6677
8-Aug-98,6820
9-Aug-98,6979
10-Aug-98,8109
11-Aug-98,6873
12-Aug-98,7552
13-Aug-98,7052
14-Aug-98,7695
15-Aug-98,7909
16-Aug-98,7720
17-Aug-98,7134
18-Aug-98,7359
19-Aug-98,6873
20-Aug-98,6324
21-Aug-98,7150
22-Aug-98,7851
23-Aug-98,7803
24-Aug-98,7792
25-Aug-98,8463
26-Aug-98,8579
27-Aug-98,7661
28-Aug-98,6957
29-Aug-98,8841
30-Aug-98,8676
31-Aug-98,7728
1-Sep-98,7514
2-Sep-98,6412
3-Sep-98,7037
4-Sep-98,5603
5-Sep-98,6750
6-Sep-98,7373
7-Sep-98,6441
8-Sep-98,5834
9-Sep-98,6049
10-Sep-98,5286
11-Sep-98,5591
12-Sep-98,6734
13-Sep-98,6865
14-Sep-98,6210
15-Sep-98,6097
16-Sep-98,5577
17-Sep-98,5256
18-Sep-98,5085
19-Sep-98,5353
20-Sep-98,5112
21-Sep-98,6107
22-Sep-98,5769
23-Sep-98,4479
24-Sep-98,6052
25-Sep-98,6926
26-Sep-98,7470
27-Sep-98,8004
28-Sep-98,6658
29-Sep-98,7151
30-Sep-98,6853
1-Oct-98,6027
2-Oct-98,4465
3-Oct-98,5504
4-Oct-98,5677
5-Oct-98,6518
6-Oct-98,5854
7-Oct-98,5978
8-Oct-98,5031
9-Oct-98,5121
10-Oct-98,4624
11-Oct-98,4241
12-Oct-98,3768
13-Oct-98,3575
14-Oct-98,5599
15-Oct-98,6646
16-Oct-98,6078
17-Oct-98,4315
18-Oct-98,6695
19-Oct-98,5018
20-Oct-98,4647
21-Oct-98,3638
22-Oct-98,5070
23-Oct-98,5702
24-Oct-98,5515
25-Oct-98,5885
26-Oct-98,4627
27-Oct-98,4226
28-Oct-98,5381
29-Oct-98,5665
30-Oct-98,5130
31-Oct-98,5109
1-Nov-98,5403
2-Nov-98,5230
3-Nov-98,4707
4-Nov-98,2960
5-Nov-98,2757
6-Nov-98,5130
7-Nov-98,4228
8-Nov-98,5422
9-Nov-98,4699
10-Nov-98,5681
11-Nov-98,4002
12-Nov-98,5000
13-Nov-98,4553
14-Nov-98,4668
15-Nov-98,4054
16-Nov-98,4339
17-Nov-98,4267
18-Nov-98,2978
19-Nov-98,3573
20-Nov-98,4742
21-Nov-98,4198
22-Nov-98,3876
23-Nov-98,4680
24-Nov-98,3420
25-Nov-98,3580
26-Nov-98,3047
27-Nov-98,4894
28-Nov-98,4674
29-Nov-98,4492
30-Nov-98,3903
1-Dec-98,3591
2-Dec-98,4426
3-Dec-98,4022
4-Dec-98,4577
5-Dec-98,3773
6-Dec-98,4495
7-Dec-98,4195
8-Dec-98,4235
9-Dec-98,3991
10-Dec-98,3223
11-Dec-98,3543
12-Dec-98,2972
13-Dec-98,3990
14-Dec-98,4026
15-Dec-98,3570
16-Dec-98,4116
17-Dec-98,3946
18-Dec-98,4018
19-Dec-98,2695
20-Dec-98,3703
21-Dec-98,3889
22-Dec-98,3866
23-Dec-98,3706
24-Dec-98,3443
25-Dec-98,2327
26-Dec-98,3274
27-Dec-98,3148
28-Dec-98,2633
29-Dec-98,4073
30-Dec-98,5105
31-Dec-98,3864
1-Jan-99,3255
2-Jan-99,4201
3-Jan-99,4066
4-Jan-99,4028
5-Jan-99,3936
6-Jan-99,3427
7-Jan-99,3635
8-Jan-99,3467
9-Jan-99,4171
10-Jan-99,2165
11-Jan-99,3713
12-Jan-99,3920
13-Jan-99,3703
14-Jan-99,4413
15-Jan-99,3619
16-Jan-99,3345
17-Jan-99,3322
18-Jan-99,4095
19-Jan-99,4057
20-Jan-99,4280
21-Jan-99,4633
22-Jan-99,5031
23-Jan-99,3710
24-Jan-99,4798
25-Jan-99,4790
26-Jan-99,5036
27-Jan-99,5205
28-Jan-99,5255
29-Jan-99,4491
30-Jan-99,4762
31-Jan-99,3402
1-Feb-99,4337
2-Feb-99,4027
3-Feb-99,4279
4-Feb-99,4989
5-Feb-99,5130
6-Feb-99,4919
7-Feb-99,4738
8-Feb-99,4716
9-Feb-99,4810
10-Feb-99,4167
11-Feb-99,4424
12-Feb-99,3830
13-Feb-99,4620
14-Feb-99,4951
15-Feb-99,4623
16-Feb-99,4905
17-Feb-99,4722
18-Feb-99,4885
19-Feb-99,5484
20-Feb-99,5777
21-Feb-99,5042
22-Feb-99,5453
23-Feb-99,3818
24-Feb-99,5798
25-Feb-99,5422
26-Feb-99,5670
27-Feb-99,5653
28-Feb-99,5563
1-Mar-99,6648
2-Mar-99,6217
3-Mar-99,5039
4-Mar-99,6724
5-Mar-99,5467
6-Mar-99,6105
7-Mar-99,6249
8-Mar-99,6321
9-Mar-99,6757
10-Mar-99,6810
11-Mar-99,6932
12-Mar-99,6229
13-Mar-99,6651
14-Mar-99,6063
15-Mar-99,4726
16-Mar-99,5449
17-Mar-99,6355
18-Mar-99,6677
19-Mar-99,6777
20-Mar-99,6148
21-Mar-99,6338
22-Mar-99,7015
23-Mar-99,6459
24-Mar-99,6674
25-Mar-99,7022
26-Mar-99,5345
27-Mar-99,7616
28-Mar-99,6398
29-Mar-99,6856
30-Mar-99,7434
31-Mar-99,6661
1-Apr-99,6041
2-Apr-99,5650
3-Apr-99,6685
4-Apr-99,8060
5-Apr-99,7398
6-Apr-99,7633
7-Apr-99,8042
8-Apr-99,6192
9-Apr-99,8118
10-Apr-99,9022
11-Apr-99,8888
12-Apr-99,9793
13-Apr-99,8720
14-Apr-99,8182
15-Apr-99,9760
16-Apr-99,8836
17-Apr-99,5451
18-Apr-99,6751
19-Apr-99,7515
20-Apr-99,7240
21-Apr-99,7915
22-Apr-99,6744
23-Apr-99,7481
24-Apr-99,7926
25-Apr-99,7936
26-Apr-99,7368
27-Apr-99,6413
28-Apr-99,5300
29-Apr-99,5362
30-Apr-99,5153
1-May-99,5894
2-May-99,6730
3-May-99,7175
4-May-99,7573
5-May-99,7732
6-May-99,7235
7-May-99,7567
8-May-99,7397
9-May-99,6264
10-May-99,6376
11-May-99,7323
12-May-99,6354
13-May-99,7754
14-May-99,7524
15-May-99,6662
16-May-99,7512
17-May-99,6675
18-May-99,6672
19-May-99,6178
20-May-99,6627
21-May-99,5592
22-May-99,6300
23-May-99,7955
24-May-99,8026
25-May-99,7958
26-May-99,8285
27-May-99,7280
28-May-99,6522
29-May-99,5911
30-May-99,6599
31-May-99,6654
1-Jun-99,7221
2-Jun-99,7344
3-Jun-99,6832
4-Jun-99,8638
5-Jun-99,7672
6-Jun-99,8206
7-Jun-99,6839
8-Jun-99,5665
9-Jun-99,6723
10-Jun-99,7403
11-Jun-99,7481
12-Jun-99,7517
13-Jun-99,7973
14-Jun-99,8626
15-Jun-99,7197
16-Jun-99,7102
17-Jun-99,6210
18-Jun-99,5674
19-Jun-99,7441
20-Jun-99,5822
21-Jun-99,6556
22-Jun-99,7605
23-Jun-99,6785
24-Jun-99,8105
25-Jun-99,5924
26-Jun-99,5581
27-Jun-99,5931
28-Jun-99,5968
29-Jun-99,6837
30-Jun-99,6641
1-Jul-99,6304
2-Jul-99,5419
3-Jul-99,6427
4-Jul-99,6968
5-Jul-99,7537
6-Jul-99,7611
7-Jul-99,6967
8-Jul-99,7738
9-Jul-99,7836
10-Jul-99,9203
11-Jul-99,7508
12-Jul-99,8787
13-Jul-99,8939
14-Jul-99,6849
15-Jul-99,7998
16-Jul-99,6772
17-Jul-99,6822
18-Jul-99,7385
19-Jul-99,8838
20-Jul-99,7769
21-Jul-99,7425
22-Jul-99,6887
23-Jul-99,7969
24-Jul-99,8144
25-Jul-99,8056
26-Jul-99,7308
27-Jul-99,7361
28-Jul-99,8273
29-Jul-99,8122
30-Jul-99,7009
31-Jul-99,7664
1-Aug-99,7856
2-Aug-99,8488
3-Aug-99,8120
4-Aug-99,6170
5-Aug-99,5888
6-Aug-99,6973
7-Aug-99,7035
8-Aug-99,6815
9-Aug-99,7145
10-Aug-99,7301
11-Aug-99,7572
12-Aug-99,6311
13-Aug-99,7525
14-Aug-99,6479
15-Aug-99,7924
16-Aug-99,8197
17-Aug-99,6256
18-Aug-99,6728
19-Aug-99,6414
20-Aug-99,7343
21-Aug-99,6440
22-Aug-99,5795
23-Aug-99,5202
24-Aug-99,5830
25-Aug-99,6141
26-Aug-99,7456
27-Aug-99,7182
28-Aug-99,7913
29-Aug-99,9089
30-Aug-99,6881
31-Aug-99,4883
1-Sep-99,5508
2-Sep-99,7967
3-Sep-99,8334
4-Sep-99,8487
5-Sep-99,7416
6-Sep-99,5479
7-Sep-99,5065
8-Sep-99,5009
9-Sep-99,5858
10-Sep-99,6360
11-Sep-99,6257
12-Sep-99,5758
13-Sep-99,6325
14-Sep-99,7271
15-Sep-99,6742
16-Sep-99,8093
17-Sep-99,7255
18-Sep-99,5376
19-Sep-99,5761
20-Sep-99,5868
21-Sep-99,5011
22-Sep-99,7083
23-Sep-99,5742
24-Sep-99,5142
25-Sep-99,4520
26-Sep-99,5268
27-Sep-99,6370
28-Sep-99,7033
29-Sep-99,6495
30-Sep-99,6458
1-Oct-99,5963
2-Oct-99,6113
3-Oct-99,6437
4-Oct-99,5733
5-Oct-99,4339
6-Oct-99,4924
7-Oct-99,4827
8-Oct-99,5385
9-Oct-99,5096
10-Oct-99,5917
11-Oct-99,4540
12-Oct-99,5466
13-Oct-99,6574
14-Oct-99,4954
15-Oct-99,5101
16-Oct-99,3989
17-Oct-99,4742
18-Oct-99,6449
19-Oct-99,6261
20-Oct-99,5158
21-Oct-99,3873
22-Oct-99,6295
23-Oct-99,6211
24-Oct-99,6042
25-Oct-99,5591
26-Oct-99,5055
27-Oct-99,5797
28-Oct-99,4365
29-Oct-99,5762
30-Oct-99,4630
31-Oct-99,3745
1-Nov-99,3789
2-Nov-99,4514
3-Nov-99,5816
4-Nov-99,4931
5-Nov-99,5351
6-Nov-99,5314
7-Nov-99,5456
8-Nov-99,4516
9-Nov-99,4488
10-Nov-99,4416
11-Nov-99,3808
12-Nov-99,4150
13-Nov-99,3409
14-Nov-99,4863
15-Nov-99,5074
16-Nov-99,4646
17-Nov-99,4004
18-Nov-99,3992
19-Nov-99,4299
20-Nov-99,3812
21-Nov-99,3360
22-Nov-99,3569
23-Nov-99,4288
24-Nov-99,3840
25-Nov-99,3434
26-Nov-99,3359
27-Nov-99,4711
28-Nov-99,3883
29-Nov-99,3950
30-Nov-99,4230
1-Dec-99,3999
2-Dec-99,4141
3-Dec-99,3615
4-Dec-99,3422
5-Dec-99,3851
6-Dec-99,3975
7-Dec-99,4260
8-Dec-99,3815
9-Dec-99,3461
10-Dec-99,3935
11-Dec-99,3768
12-Dec-99,3146
13-Dec-99,3943
14-Dec-99,2508
15-Dec-99,2538
16-Dec-99,2702
17-Dec-99,2795
18-Dec-99,2551
19-Dec-99,4175
20-Dec-99,4019
21-Dec-99,4045
22-Dec-99,3530
23-Dec-99,2696
24-Dec-99,4287
25-Dec-99,4290
26-Dec-99,3825
27-Dec-99,3729
28-Dec-99,3094
29-Dec-99,3795
30-Dec-99,3443
31-Dec-99,3254
,
,
,
,
,
,
,
,
,
,
,
,
,
,
,
,
,
,
,
,
,
,
,
,
,
,
,
,
,
,
,
,
,
,
,
,
,
,
,
,
,
,
,
,
,
,
,
,
,
,
,
,
,
,
,
,
,
,
,
,
,
,
,
,
,
,
,
,
,
,
,
,
,
,
,
,
,
,
,
,
,
,
,
,
,
,
,
,
,
,
,
,
,
,
,
,
,
,
,
,
,
,
,
,
,
,
,
,
,
,
,
,
,
,
,
,
,
,
,
,
,
,
,
,
,
,
,
,
,
,
,
,
,
,
,
,
,
,
,
,
,
,
,
,
,
,
,
,
,
,
,
,
,
,
,
,
,
,
,
,
,
,
,
,
,
,
,
,
,
,
,
,
,
,
,
,
,
,
,
,
,
,
,
,
,
,
,
,
,
,
,
,
,
,
,
,
,
,
,
,
,
,
,
,
,
,
,
,
,
,
,
,
,
,
,
,
,
,
,
,
,
,
,
,
,
,
,
,
,
,
,
,
,
,
,
,
,
,
,
,
,
,
,
,
,
,
,
,
,
,
,
,
,
,
,
,
,
,
,
,
,
,
,
,
,
,
,
,
,
,
,
,
,
,
,
,
,
,
,
,
,
,
,
,
,
,
,
,
,
,
,
,
,
,
,
,
,
,
,
,
,
,
,
,
,
,
,
,
,
,
,
,
,
,
,
,
,
,
,
,
,
,
,
,
,
,
,
,
,
,
,
,
,
,
,
,
,
,
,
,
,
,
,
,
,
,
,
,
,
,
,
,
,
,
,
,
,
,
,
,
,
,
,
,
,
,
,
,
,
,
,
,
,
,
,
,
,
,
,
,
,
,
,
,
,
,
,
,
,
,
,
,
,
,
,
,
,
,
,
,
,
,
,
,
,
,
,
,
,
,
,
,
,
,
,
,
,
,
,
,
,
,
,
,
,
,
,
,
,
,
,
,
,
,
,
,
,
,
,
,
,
,
,
,
,
,
,
,
,
,
,
,
,
,
,
,
,
,
,
,
,
,
,
,
,
,
,
,
,
,
,
,
,
,
,
,
,
,
,
,
,
,
,
,
,
,
,
,
,
,
,
,
,
,
,
,
,
,
,
,
,
,
,
,
,
,
,
,
,
,
,
,
,
,
,
,
,
,
,
,
,
,
,
,
,
,
,
,
,
,
,
,
,
,
,
,
,
,
,
,
,
,
,
,
,
,
,
,
,
,
,
,
,
,
,
,
,
,
,
,
,
,
,
,
,
,
,
,
,
,
,
,
,
,
,
,
,
,
,
,
,
,
,
,
,
,
,
,
,
,
,
,
,
,
,
,
,
,
,
,
,
,
,
,
,
,
,
,
,
,
,
,
,
,
,
,
,
,
,
,
,
,
,
,
,
,
,
,
,
,
,
,
,
,
,
,
,
,
,
,
,
,
,
,
,
,
,
,
,
,
,
,
,
,
,
,
,
,
,
,
,
,
,
,
,
,
,
,
,
,
,
,
,
,
,
,
,
,
,
,
,
,
,
,
,
,
,
,
,
,
,
,
,
,
,
,
,
,
,
,
,
,
,
,
,
,
,
,
,
,
,
,
,
,
,
,
,
,
,
,
,
,
,
,
,
,
,
,
,
,
,
,
,
,
,
,
,
,
,
,
,
,
,
,
,
,
,
,
,
,
,
,
,
,
,
,
,
,
,
,
,
,
,
,
,
,
,
,
,
,
,
,
,
,
,
,
,
,
,
,
,
,
,
,
,
,
,
,
,
,
,
,
,
,
,
,
,
,
,
,
,
,
,
,
,
,
,
,
,
,
,
,
,
,
,
,
,
,
,
,
,
,
,
,
,
,
,
,
,
,
,
,
,
,
,
,
,
,
,
,
,
,
,
,
,
,
,
,
,
,
,
,
,
,
,
,
,
,
,
,
,
,
,
,
,
,
,
,
,
,
,
,
,
,
,
,
,
,
,
,
,
,
,
,
,
,
,
,
,
,
,
,
,
,
,
,
,
,
,
,
,
,
,
,
,
,
,
,
,
,
,
,
,
,
,
,
,
,
,
,
,
,
,
,
,
,
,
,
,
,
,
,
,
,
,
,
,
,
,
,
,
,
,
,
,
,
,
,
,
,
,
,
,
,
,
,
,
,
,
,
,
,
,
,
,
,
,
,
,
,
,
,
,
,
,
,
,
,
,
,
,
,
,
,
,
,
,
,
,
,
,
,
,
,
,
,
,
,
,
,
,
,
,
,
,
,
,
,
,
,
,
,
,
,
,
,
,
,
,
,
,
,
,
,
,
,
,
,
,
,
,
,
,
,
,
,
,
,
,
,
,
,
,
,
,
,
,
,
,
,
,
,
,
,
,
,
,
,
,
,
,
,
,
,
,
,
,
,
,
,
,
,
,
,
,
,
,
,
,
,
,
,
,
,
,
,
,
,
,
,
,
,
,
,
,
,
,
,
,
,
,
,
,
,
,
,
,
,
,
,
,
,
,
,
,
,
,
,
,
,
,
,
,
,
,
,
,
,
,
,
,
,
,
,
,
,
,
,
,
,
,
,
,
,
,
,
,
,
,
,
,
,
,
,
,
,
,
,
,
,
,
,
,
,
,
,
,
,
,
,
,
,
,
,
,
,
,
,
,
,
,
,
,
,
,
,
,
,
,
,
,
,
,
,
,
,
,
,
,
,
,
,
,
,
,
,
,
,
,
,
,
,
,
,
,
,
,
,
,
,
,
,
,
,
,
,
,
,
,
,
,
,
,
,
,
,
,
,
,
,
,
,
,
,
,
,
,
,
,
,
,
,
,
,
,
,
,
,
,
,
,
,
,
,
,
,
,
,
,
,
,
,
,
,
,
,
,
,
,
,
,
,
,
,
,
,
,
,
,
,
,
,
,
,
,
,
,
,
,
,
,
,
,
,
,
,
,
,
,
,
,
,
,
,
,
,
,
,
,
,
,
,
,
,
,
,
,
,
,
,
,
,
,
,
,
,
,
,
,
,
,
,
,
,
,
,
,
,
,
,
,
,
,
,
,
,
,
,
,
,
,
,
,
,
,
,
,
,
,
,
,
,
,
,
,
,
,
,
,
,
,
,
,
,
,
,
,
,
,
,
,
,
,
,
,
,
,
,
,
,
,
,
,
,
,
,
,
,
,
,
,
,
,
,
,
,
,
,
,
,
,
,
,
,
,
,
,
,
,
,
,
,
,
,
,
,
,
,
,
,
,
,
,
,
,
,
,
,
,
,
,
,
,
,
,
,
,
,
,
,
,
,
,
,
,
,
,
,
,
,
,
,
,
,
,
,
,
,
,
,
,
,
,
,
,
,
,
,
,
,
,
,
,
,
,
,
,
,
,
,
,
,
,
,
,
,
,
,
,
,
,
,
,
,
,
,
,
,
,
,
,
,
,
,
,
,
,
,
,
,
,
,
,
,
,
,
,
,
,
,
,
,
,
,
,
,
,
,
,
,
,
,
,
,
,
,
,
,
,
,
,
,
,
,
,
,
,
,
,
,
,
,
,
,
,
,
,
,
,
,
,
,
,
,
,
,
,
,
,
,
,
,
,
,
,
,
,
,
,
,
,
,
,
,
,
,
,
,
,
,
,
,
,
,
,
,
,
,
,
,
,
,
,
,
,
,
,
,
,
,
,
,
,
,
,
,
,
,
,
,
,
,
,
,
,
,
,
,
,
,
,
,
,
,
,
,
,
,
,
,
,
,
,
,
,
,
,
,
,
,
,
,
,
,
,
,
,
,
,
,
,
,
,
,
,
,
,
,
,
,
,
,
,
,
,
,
,
,
,
,
,
,
,
,
,
,
,
,
,
,
,
,
,
,
,
,
,
,
,
,
,
,
,
,
,
,
,
,
,
,
,
,
,
,
,
,
,
,
,
,
,
,
,
,
,
,
,
,
,
,
,
,
,
,
,
,
,
,
,
,
,
,
,
,
,
,
,
,
,
,
,
,
,
,
,
,
,
,
,
,
,
,
,
,
,
,
,
,
,
,
,
,
,
,
,
,
,
,
,
,
,
,
,
,
,
,
,
,
,
,
,
,
,
,
,
,
,
,
,
,
,
,
,
,
,
,
,
,
,
,
,
,
,
,
,
,
,
,
,
,
,
,
,
,
,
,
,
,
,
,
,
,
,
,
,
,
,
,
,
,
,
,
,
,
,
,
,
,
,
,
,
,
,
,
,
,
,
,
,
,
,
,
,
,
,
,
,
,
,
,
,
,
,
,
,
,
,
,
,
,
,
,
,
,
,
,
,
,
,
,
,
,
,
,
,
,
,
,
,
,
,
,
,
,
,
,
,
,
,
,
,
,
,
,
,
,
,
,
,
,
,
,
,
,
,
,
,
,
,
,
,
,
,
,
,
,
,
,
,
,
,
,
,
,
,
,
,
,
,
,
,
,
,
,
,
,
,
,
,
,
,
,
,
,
,
,
,
,
,
,
,
,
,
,
,
,
,
,
,
,
,
,
,
,
,
,
,
,
,
,
,
,
,
,
,
,
,
,
,
,
,
,
,
,
,
,
,
,
,
,
,
,
,
,
,
,
,
,
,
,
,
,
,
,
,
,
,
,
,
,
,
,
,
,
,
,
,
,
,
,
,
,
,
,
,
,
,
,
,
,
,
,
,
,
,
,
,
,
,
,
,
,
,
,
,
,
,
,
,
,
,
,
,
,
,
,
,
,
,
,
,
,
,
,
,
,
,
,
,
,
,
,
,
,
,
,
,
,
,
,
,
,
,
,
,
,
,
,
,
,
,
,
,
,
,
,
,
,
,
,
,
,
,
,
,
,
,
,
,
,
,
,
,
,
,
,
,
,
,
,
,
,
,
,
,
,
,
,
,
,
,
,
,
,
,
,
,
,
,
,
,
,
,
,
,
,
,
,
,
,
,
,
,
,
,
,
,
,
,
,
,
,
,
,
,
,
,
,
,
,
,
,
,
,
,
,
,
,
,
,
,
,
,
,
,
,
,
,
,
,
,
,
,
,
,
,
,
,
,
,
,
,
,
,
,
,
,
,
,
,
,
,
,
,
,
,
,
,
,
,
,
,
,
,
,
,
,
,
,
,
,
,
,
,
,
,
,
,
,
,
,
,
,
,
,
,
,
,
,
,
,
,
,
,
,
,
,
,
,
,
,
,
,
,
,
,
,
,
,
,
,
,
,
,
,
,
,
,
,
,
,
,
,
,
,
,
,
,
,
,
,
,
,
,
,
,
,
,
,
,
,
,
,
,
,
,
,
,
,
,
,
,
,
,
,
,
,
,
,
,
,
,
,
,
,
,
,
,
,
,
,
,
,
,
,
,
,
,
,
,
,
,
,
,
,
,
,
,
,
,
,
,
,
,
,
,
,
,
,
,
,
,
,
,
,
,
,
,
,
,
,
,
,
,
,
,
,
,
,
,
,
,
,
,
,
,
,
,
,
,
,
,
,
,
,
,
,
,
,
,
,
,
,
,
,
,
,
,
,
,
,
,
,
,
,
,
,
,
,
,
,
,
,
,
,
,
,
,
,
,
,
,
,
,
,
,
,
,
,
,
,
,
,
,
,
,
,
,
,
,
,
,
,
,
,
,
,
,
,
,
,
,
,
,
,
,
,
,
,
,
,
,
,
,
,
,
,
,
,
,
,
,
,
,
,
,
,
,
,
,
,
,
,
,
,
,
,
,
,
,
,
,
,
,
,
,
,
,
,
,
,
,
,
,
,
,
,
,
,
,
,
,
,
,
,
,
,
,
,
,
,
,
,
,
,
,
,
,
,
,
,
,
,
,
,
,
,
,
,
,
,
,
,
,
,
,
,
,
,
,
,
,
,
,
,
,
,
,
,
,
,
,
,
,
,
,
,
,
,
,
,
,
,
,
,
,
,
,
,
,
,
,
,
,
,
,
,
,
,
,
,
,
,
,
,
,
,
,
,
,
,
,
,
,
,
,
,
,
,
,
,
,
,
,
,
,
,
,
,
,
,
,
,
,
,
,
,
,
,
,
,
,
,
,
,
,
,
,
,
,
,
,
,
,
,
,
,
,
,
,
,
,
,
,
,
,
,
,
,
,
,
,
,
,
,
,
,
,
,
,
,
,
,
,
,
,
,
,
,
,
,
,
,
,
,
,
,
,
,
,
,
,
,
,
,
,
,
,
,
,
,
,
,
,
,
,
,
,
,
,
,
,
,
,
,
,
,
,
,
,
,
,
,
,
,
,
,
,
,
,
,
,
,
,
,
,
,
,
,
,
,
,
,
,
,
,
,
,
,
,
,
,
,
,
,
,
,
,
,
,
,
,
,
,
,
,
,
,
,
,
,
,
,
,
,
,
,
,
,
,
,
,
,
,
,
,
,
,
,
,
,
,
,
,
,
,
,
,
,
,
,
,
,
,
,
,
,
,
,
,
,
,
,
,
,
,
,
,
,
,
,
,
,
,
,
,
,
,
,
,
,
,
,
,
,
,
,
,
,
,
,
,
,
,
,
,
,
,
,
,
,
,
,
,
,
,
,
,
,
,
,
,
,
,
,
,
,
,
,
,
,
,
,
,
,
,
,
,
,
,
,
,
,
,
,
,
,
,
,
,
,
,
,
,
,
,
,
,
,
,
,
,
,
,
,
,
,
,
,
,
,
,
,
,
,
,
,
,
,
,
,
,
,
,
,
,
,
,
,
,
,
,
,
,
,
,
,
,
,
,
,
,
,
,
,
,
,
,
,
,
,
,
,
,
,
,
,
,
,
,
,
,
,
,
,
,
,
,
,
,
,
,
,
,
,
,
,
,
,
,
,
,
,
,
,
,
,
,
,
,
,
,
,
,
,
,
,
,
,
,
,
,
,
,
,
,
,
,
,
,
,
,
,
,
,
,
,
,
,
,
,
,
,
,
,
,
,
,
,
,
,
,
,
,
,
,
,
,
,
,
,
,
,
,
,
,
,
,
,
,
,
,
,
,
,
,
,
,
,
,
,
,
,
,
,
,
,
,
,
,
,
,
,
,
,
,
,
,
,
,
,
,
,
,
,
,
,
,
,
,
,
,
,
,
,
,
,
,
,
,
,
,
,
,
,
,
,
,
,
,
,
,
,
,
,
,
,
,
,
,
,
,
,
,
,
,
,
,
,
,
,
,
,
,
,
,
,
,
,
,
,
,
,
,
,
,
,
,
,
,
,
,
,
,
,
,
,
,
,
,
,
,
,
,
,
,
,
,
,
,
,
,
,
,
,
,
,
,
,
,
,
,
,
,
,
,
,
,
,
,
,
,
,
,
,
,
,
,
,
,
,
,
,
,
,
,
,
,
,
,
,
,
,
,
,
,
,
,
,
,
,
,
,
,
,
,
,
,
,
,
,
,
,
,
,
,
,
,
,
,
,
,
,
,
,
,
,
,
,
,
,
,
,
,
,
,
,
,
,
,
,
,
,
,
,
,
,
,
,
,
,
,
,
,
,
,
,
,
,
,
,
,
,
,
,
,
,
,
,
,
,
,
,
,
,
,
,
,
,
,
,
,
,
,
,
,
,
,
,
,
,
,
,
,
,
,
,
,
,
,
,
,
,
,
,
,
,
,
,
,
,
,
,
,
,
,
,
,
,
,
,
,
,
,
,
,
,
,
,
,
,
,
,
,
,
,
,
,
,
,
,
,
,
,
,
,
,
,
,
,
,
,
,
,
,
,
,
,
,
,
,
,
,
,
,
,
,
,
,
,
,
,
,
,
,
,
,
,
,
,
,
,
,
,
,
,
,
,
,
,
,
,
,
,
,
,
,
,
,
,
,
,
,
,
,
,
,
,
,
,
,
,
,
,
,
,
,
,
,
,
,
,
,
,
,
,
,
,
,
,
,
,
,
,
,
,
,
,
,
,
,
,
,
,
,
,
,
,
,
,
,
,
,
,
,
,
,
,
,
,
,
,
,
,
,
,
,
,
,
,
,
,
,
,
,
,
,
,
,
,
,
,
,
,
,
,
,
,
,
,
,
,
,
,
,
,
,
,
,
,
,
,
,
,
,
,
,
,
,
,
,
,
,
,
,
,
,
,
,
,
,
,
,
,
,
,
,
,
,
,
,
,
,
,
,
,
,
,
,
,
,
,
,
,
,
,
,
,
,
,
,
,
,
,
,
,
,
,
,
,
,
,
,
,
,
,
,
,
,
,
,
,
,
,
,
,
,
,
,
,
,
,
,
,
,
,
,
,
,
,
,
,
,
,
,
,
,
,
,
,
,
,
,
,
,
,
,
,
,
,
,
,
,
,
,
,
,
,
,
,
,
,
,
,
,
,
,
,
,
,
,
,
,
,
,
,
,
,
,
,
,
,
,
,
,
,
,
,
,
,
,
,
,
,
,
,
,
,
,
,
,
,
,
,
,
,
,
,
,
,
,
,
,
,
,
,
,
,
,
,
,
,
,
,
,
,
,
,
,
,
,
,
,
,
,
,
,
,
,
,
,
,
,
,
,
,
,
,
,
,
,
,
,
,
,
,
,
,
,
,
,
,
,
,
,
,
,
,
,
,
,
,
,
,
,
,
,
,
,
,
,
,
,
,
,
,
,
,
,
,
,
,
,
,
,
,
,
,
,
,
,
,
,
,
,
,
,
,
,
,
,
,
,
,
,
,
,
,
,
,
,
,
,
,
,
,
,
,
,
,
,
,
,
,
,
,
,
,
,
,
,
,
,
,
,
,
,
,
,
,
,
,
,
,
,
,
,
,
,
,
,
,
,
,
,
,
,
,
,
,
,
,
,
,
,
,
,
,
,
,
,
,
,
,
,
,
,
,
,
,
,
,
,
,
,
,
,
,
,
,
,
,
,
,
,
,
,
,
,
,
,
,
,
,
,
,
,
,
,
,
,
,
,
,
,
,
,
,
,
,
,
,
,
,
,
,
,
,
,
,
,
,
,
,
,
,
,
,
,
,
,
,
,
,
,
,
,
,
,
,
,
,
,
,
,
,
,
,
,
,
,
,
,
,
,
,
,
,
,
,
,
,
,
,
,
,
,
,
,
,
,
,
,
,
,
,
,
,
,
,
,
,
,
,
,
,
,
,
,
,
,
,
,
,
,
,
,
,
,
,
,
,
,
,
,
,
,
,
,
,
,
,
,
,
,
,
,
,
,
,
,
,
,
,
,
,
,
,
,
,
,
,
,
,
,
,
,
,
,
,
,
,
,
,
,
,
,
,
,
,
,
,
,
,
,
,
,
,
,
,
,
,
,
,
,
,
,
,
,
,
,
,
,
,
,
,
,
,
,
,
,
,
,
,
,
,
,
,
,
,
,
,
,
,
,
,
,
,
,
,
,
,
,
,
,
,
,
,
,
,
,
,
,
,
,
,
,
,
,
,
,
,
,
,
,
,
,
,
,
,
,
,
,
,
,
,
,
,
,
,
,
,
,
,
,
,
,
,
,
,
,
,
,
,
,
,
,
,
,
,
,
,
,
,
,
,
,
,
,
,
,
,
,
,
,
,
,
,
,
,
,
,
,
,
,
,
,
,
,
,
,
,
,
,
,
,
,
,
,
,
,
,
,
,
,
,
,
,
,
,
,
,
,
,
,
,
,
,
,
,
,
,
,
,
,
,
,
,
,
,
,
,
,
,
,
,
,
,
,
,
,
,
,
,
,
,
,
,
,
,
,
,
,
,
,
,
,
,
,
,
,
,
,
,
,
,
,
,
,
,
,
,
,
,
,
,
,
,
,
,
,
,
,
,
,
,
,
,
,
,
,
,
,
,
,
,
,
,
,
,
,
,
,
,
,
,
,
,
,
,
,
,
,
,
,
,
,
,
,
,
,
,
,
,
,
,
,
,
,
,
,
,
,
,
,
,
,
,
,
,
,
,
,
,
,
,
,
,
,
,
,
,
,
,
,
,
,
,
,
,
,
,
,
,
,
,
,
,
,
,
,
,
,
,
,
,
,
,
,
,
,
,
,
,
,
,
,
,
,
,
,
,
,
,
,
,
,
,
,
,
,
,
,
,
,
,
,
,
,
,
,
,
,
,
,
,
,
,
,
,
,
,
,
,
,
,
,
,
,
,
,
,
,
,
,
,
,
,
,
,
,
,
,
,
,
,
,
,
,
,
,
,
,
,
,
,
,
,
,
,
,
,
,
,
,
,
,
,
,
,
,
,
,
,
,
,
,
,
,
,
,
,
,
,
,
,
,
,
,
,
,
,
,
,
,
,
,
,
,
,
,
,
,
,
,
,
,
,
,
,
,
,
,
,
,
,
,
,
,
,
,
,
,
,
,
,
,
,
,
,
,
,
,
,
,
,
,
,
,
,
,
,
,
,
,
,
,
,
,
,
,
,
,
,
,
,
,
,
,
,
,
,
,
,
,
,
,
,
,
,
,
,
,
,
,
,
,
,
,
,
,
,
,
,
,
,
,
,
,
,
,
,
,
,
,
,
,
,
,
,
,
,
,
,
,
,
,
,
,
,
,
,
,
,
,
,
,
,
,
,
,
,
,
,
,
,
,
,
,
,
,
,
,
,
,
,
,
,
,
,
,
,
,
,
,
,
,
,
,
,
,
,
,
,
,
,
,
,
,
,
,
,
,
,
,
,
,
,
,
,
,
,
,
,
,
,
,
,
,
,
,
,
,
,
,
,
,
,
,
,
,
,
,
,
,
,
,
,
,
,
,
,
,
,
,
,
,
,
,
,
,
,
,
,
,
,
,
,
,
,
,
,
,
,
,
,
,
,
,
,
,
,
,
,
,
,
,
,
,
,
,
,
,
,
,
,
,
,
,
,
,
,
,
,
,
,
,
,
,
,
,
,
,
,
,
,
,
,
,
,
,
,
,
,
,
,
,
,
,
,
,
,
,
,
,
,
,
,
,
,
,
,
,
,
,
,
,
,
,
,
,
,
,
,
,
,
,
,
,
,
,
,
,
,
,
,
,
,
,
,
,
,
,
,
,
,
,
,
,
,
,
,
,
,
,
,
,
,
,
,
,
,
,
,
,
,
,
,
,
,
,
,
,
,
,
,
,
,
,
,
,
,
,
,
,
,
,
,
,
,
,
,
,
,
,
,
,
,
,
,
,
,
,
,
,
,
,
,
,
,
,
,
,
,
,
,
,
,
,
,
,
,
,
,
,
,
,
,
,
,
,
,
,
,
,
,
,
,
,
,
,
,
,
,
,
,
,
,
,
,
,
,
,
,
,
,
,
,
,
,
,
,
,
,
,
,
,
,
,
,
,
,
,
,
,
,
,
,
,
,
,
,
,
,
,
,
,
,
,
,
,
,
,
,
,
,
,
,
,
,
,
,
,
,
,
,
,
,
,
,
,
,
,
,
,
,
,
,
,
,
,
,
,
,
,
,
,
,
,
,
,
,
,
,
,
,
,
,
,
,
,
,
,
,
,
,
,
,
,
,
,
,
,
,
,
,
,
,
,
,
,
,
,
,
,
,
,
,
,
,
,
,
,
,
,
,
,
,
,
,
,
,
,
,
,
,
,
,
,
,
,
,
,
,
,
,
,
,
,
,
,
,
,
,
,
,
,
,
,
,
,
,
,
,
,
,
,
,
,
,
,
,
,
,
,
,
,
,
,
,
,
,
,
,
,
,
,
,
,
,
,
,
,
,
,
,
,
,
,
,
,
,
,
,
,
,
,
,
,
,
,
,
,
,
,
,
,
,
,
,
,
,
,
,
,
,
,
,
,
,
,
,
,
,
,
,
,
,
,
,
,
,
,
,
,
,
,
,
,
,
,
,
,
,
,
,
,
,
,
,
,
,
,
,
,
,
,
,
,
,
,
,
,
,
,
,
,
,
,
,
,
,
,
,
,
,
,
,
,
,
,
,
,
,
,
,
,
,
,
,
,
,
,
,
,
,
,
,
,
,
,
,
,
,
,
,
,
,
,
,
,
,
,
,
,
,
,
,
,
,
,
,
,
,
,
,
,
,
,
,
,
,
,
,
,
,
,
,
,
,
,
,
,
,
,
,
,
,
,
,
,
,
,
,
,
,
,
,
,
,
,
,
,
,
,
,
,
,
,
,
,
,
,
,
,
,
,
,
,
,
,
,
,
,
,
,
,
,
,
,
,
,
,
,
,
,
,
,
,
,
,
,
,
,
,
,
,
,
,
,
,
,
,
,
,
,
,
,
,
,
,
,
,
,
,
,
,
,
,
,
,
,
,
,
,
,
,
,
,
,
,
,
,
,
,
,
,
,
,
,
,
,
,
,
,
,
,
,
,
,
,
,
,
,
,
,
,
,
,
,
,
,
,
,
,
,
,
,
,
,
,
,
,
,
,
,
,
,
,
,
,
,
,
,
,
,
,
,
,
,
,
,
,
,
,
,
,
,
,
,
,
,
,
,
,
,
,
,
,
,
,
,
,
,
,
,
,
,
,
,
,
,
,
,
,
,
,
,
,
,
,
,
,
,
,
,
,
,
,
,
,
,
,
,
,
,
,
,
,
,
,
,
,
,
,
,
,
,
,
,
,
,
,
,
,
,
,
,
,
,
,
,
,
,
,
,
,
,
,
,
,
,
,
,
,
,
,
,
,
,
,
,
,
,
,
,
,
,
,
,
,
,
,
,
,
,
,
,
,
,
,
,
,
,
,
,
,
,
,
,
,
,
,
,
,
,
,
,
,
,
,
,
,
,
,
,
,
,
,
,
,
,
,
,
,
,
,
,
,
,
,
,
,
,
,
,
,
,
,
,
,
,
,
,
,
,
,
,
,
,
,
,
,
,
,
,
,
,
,
,
,
,
,
,
,
,
,
,
,
,
,
,
,
,
,
,
,
,
,
,
,
,
,
,
,
,
,
,
,
,
,
,
,
,
,
,
,
,
,
,
,
,
,
,
,
,
,
,
,
,
,
,
,
,
,
,
,
,
,
,
,
,
,
,
,
,
,
,
,
,
,
,
,
,
,
,
,
,
,
,
,
,
,
,
,
,
,
,
,
,
,
,
,
,
,
,
,
,
,
,
,
,
,
,
,
,
,
,
,
,
,
,
,
,
,
,
,
,
,
,
,
,
,
,
,
,
,
,
,
,
,
,
,
,
,
,
,
,
,
,
,
,
,
,
,
,
,
,
,
,
,
,
,
,
,
,
,
,
,
,
,
,
,
,
,
,
,
,
,
,
,
,
,
,
,
,
,
,
,
,
,
,
,
,
,
,
,
,
,
,
,
,
,
,
,
,
,
,
,
,
,
,
,
,
,
,
,
,
,
,
,
,
,
,
,
,
,
,
,
,
,
,
,
,
,
,
,
,
,
,
,
,
,
,
,
,
,
,
,
,
,
,
,
,
,
,
,
,
,
,
,
,
,
,
,
,
,
,
,
,
,
,
,
,
,
,
,
,
,
,
,
,
,
,
,
,
,
,
,
,
,
,
,
,
,
,
,
,
,
,
,
,
,
,
,
,
,
,
,
,
,
,
,
,
,
,
,
,
,
,
,
,
,
,
,
,
,
,
,
,
,
,
,
,
,
,
,
,
,
,
,
,
,
,
,
,
,
,
,
,
,
,
,
,
,
,
,
,
,
,
,
,
,
,
,
,
,
,
,
,
,
,
,
,
,
,
,
,
,
,
,
,
,
,
,
,
,
,
,
,
,
,
,
,
,
,
,
,
,
,
,
,
,
,
,
,
,
,
,
,
,
,
,
,
,
,
,
,
,
,
,
,
,
,
,
,
,
,
,
,
,
,
,
,
,
,
,
,
,
,
,
,
,
,
,
,
,
,
,
,
,
,
,
,
,
,
,
,
,
,
,
,
,
,
,
,
,
,
,
,
,
,
,
,
,
,
,
,
,
,
,
,
,
,
,
,
,
,
,
,
,
,
,
,
,
,
,
,
,
,
,
,
,
,
,
,
,
,
,
,
,
,
,
,
,
,
,
,
,
,
,
,
,
,
,
,
,
,
,
,
,
,
,
,
,
,
,
,
,
,
,
,
,
,
,
,
,
,
,
,
,
,
,
,
,
,
,
,
,
,
,
,
,
,
,
,
,
,
,
,
,
,
,
,
,
,
,
,
,
,
,
,
,
,
,
,
,
,
,
,
,
,
,
,
,
,
,
,
,
,
,
,
,
,
,
,
,
,
,
,
,
,
,
,
,
,
,
,
,
,
,
,
,
,
,
,
,
,
,
,
,
,
,
,
,
,
,
,
,
,
,
,
,
,
,
,
,
,
,
,
,
,
,
,
,
,
,
,
,
,
,
,
,
,
,
,
,
,
,
,
,
,
,
,
,
,
,
,
,
,
,
,
,
,
,
,
,
,
,
,
,
,
,
,
,
,
,
,
,
,
,
,
,
,
,
,
,
,
,
,
,
,
,
,
,
,
,
,
,
,
,
,
,
,
,
,
,
,
,
,
,
,
,
,
,
,
,
,
,
,
,
,
,
,
,
,
,
,
,
,
,
,
,
,
,
,
,
,
,
,
,
,
,
,
,
,
,
,
,
,
,
,
,
,
,
,
,
,
,
,
,
,
,
,
,
,
,
,
,
,
,
,
,
,
,
,
,
,
,
,
,
,
,
,
,
,
,
,
,
,
,
,
,
,
,
,
,
,
,
,
,
,
,
,
,
,
,
,
,
,
,
,
,
,
,
,
,
,
,
,
,
,
,
,
,
,
,
,
,
,
,
,
,
,
,
,
,
,
,
,
,
,
,
,
,
,
,
,
,
,
,
,
,
,
,
,
,
,
,
,
,
,
,
,
,
,
,
,
,
,
,
,
,
,
,
,
,
,
,
,
,
,
,
,
,
,
,
,
,
,
,
,
,
,
,
,
,
,
,
,
,
,
,
,
,
,
,
,
,
,
,
,
,
,
,
,
,
,
,
,
,
,
,
,
,
,
,
,
,
,
,
,
,
,
,
,
,
,
,
,
,
,
,
,
,
,
,
,
,
,
,
,
,
,
,
,
,
,
,
,
,
,
,
,
,
,
,
,
,
,
,
,
,
,
,
,
,
,
,
,
,
,
,
,
,
,
,
,
,
,
,
,
,
,
,
,
,
,
,
,
,
,
,
,
,
,
,
,
,
,
,
,
,
,
,
,
,
,
,
,
,
,
,
,
,
,
,
,
,
,
,
,
,
,
,
,
,
,
,
,
,
,
,
,
,
,
,
,
,
,
,
,
,
,
,
,
,
,
,
,
,
,
,
,
,
,
,
,
,
,
,
,
,
,
,
,
,
,
,
,
,
,
,
,
,
,
,
,
,
,
,
,
,
,
,
,
,
,
,
,
,
,
,
,
,
,
,
,
,
,
,
,
,
,
,
,
,
,
,
,
,
,
,
,
,
,
,
,
,
,
,
,
,
,
,
,
,
,
,
,
,
,
,
,
,
,
,
,
,
,
,
,
,
,
,
,
,
,
,
,
,
,
,
,
,
,
,
,
,
,
,
,
,
,
,
,
,
,
,
,
,
,
,
,
,
,
,
,
,
,
,
,
,
,
,
,
,
,
,
,
,
,
,
,
,
,
,
,
,
,
,
,
,
,
,
,
,
,
,
,
,
,
,
,
,
,
,
,
,
,
,
,
,
,
,
,
,
,
,
,
,
,
,
,
,
,
,
,
,
,
,
,
,
,
,
,
,
,
,
,
,
,
,
,
,
,
,
,
,
,
,
,
,
,
,
,
,
,
,
,
,
,
,
,
,
,
,
,
,
,
,
,
,
,
,
,
,
,
,
,
,
,
,
,
,
,
,
,
,
,
,
,
,
,
,
,
,
,
,
,
,
,
,
,
,
,
,
,
,
,
,
,
,
,
,
,
,
,
,
,
,
,
,
,
,
,
,
,
,
,
,
,
,
,
,
,
,
,
,
,
,
,
,
,
,
,
,
,
,
,
,
,
,
,
,
,
,
,
,
,
,
,
,
,
,
,
,
,
,
,
,
,
,
,
,
,
,
,
,
,
,
,
,
,
,
,
,
,
,
,
,
,
,
,
,
,
,
,
,
,
,
,
,
,
,
,
,
,
,
,
,
,
,
,
,
,
,
,
,
,
,
,
,
,
,
,
,
,
,
,
,
,
,
,
,
,
,
,
,
,
,
,
,
,
,
,
,
,
,
,
,
,
,
,
,
,
,
,
,
,
,
,
,
,
,
,
,
,
,
,
,
,
,
,
,
,
,
,
,
,
,
,
,
,
,
,
,
,
,
,
,
,
,
,
,
,
,
,
,
,
,
,
,
,
,
,
,
,
,
,
,
,
,
,
,
,
,
,
,
,
,
,
,
,
,
,
,
,
,
,
,
,
,
,
,
,
,
,
,
,
,
,
,
,
,
,
,
,
,
,
,
,
,
,
,
,
,
,
,
,
,
,
,
,
,
,
,
,
,
,
,
,
,
,
,
,
,
,
,
,
,
,
,
,
,
,
,
,
,
,
,
,
,
,
,
,
,
,
,
,
,
,
,
,
,
,
,
,
,
,
,
,
,
,
,
,
,
,
,
,
,
,
,
,
,
,
,
,
,
,
,
,
,
,
,
,
,
,
,
,
,
,
,
,
,
,
,
,
,
,
,
,
,
,
,
,
,
,
,
,
,
,
,
,
,
,
,
,
,
,
,
,
,
,
,
,
,
,
,
,
,
,
,
,
,
,
,
,
,
,
,
,
,
,
,
,
,
,
,
,
,
,
,
,
,
,
,
,
,
,
,
,
,
,
,
,
,
,
,
,
,
,
,
,
,
,
,
,
,
,
,
,
,
,
,
,
,
,
,
,
,
,
,
,
,
,
,
,
,
,
,
,
,
,
,
,
,
,
,
,
,
,
,
,
,
,
,
,
,
,
,
,
,
,
,
,
,
,
,
,
,
,
,
,
,
,
,
,
,
,
,
,
,
,
,
,
,
,
,
,
,
,
,
,
,
,
,
,
,
,
,
,
,
,
,
,
,
,
,
,
,
,
,
,
,
,
,
,
,
,
,
,
,
,
,
,
,
,
,
,
,
,
,
,
,
,
,
,
,
,
,
,
,
,
,
,
,
,
,
,
,
,
,
,
,
,
,
,
,
,
,
,
,
,
,
,
,
,
,
,
,
,
,
,
,
,
,
,
,
,
,
,
,
,
,
,
,
,
,
,
,
,
,
,
,
,
,
,
,
,
,
,
,
,
,
,
,
,
,
,
,
,
,
,
,
,
,
,
,
,
,
,
,
,
,
,
,
,
,
,
,
,
,
,
,
,
,
,
,
,
,
,
,
,
,
,
,
,
,
,
,
