,Date,RF_acft
0,2007-12-30,0.0
1,2007-12-31,0.0
2,2008-01-01,200.85
3,2008-01-02,0.0
4,2008-01-03,0.0
5,2008-01-04,298.65
6,2008-01-05,265.7333333
7,2008-01-06,66.45833333
8,2008-01-07,0.0
9,2008-01-08,0.0
10,2008-01-09,0.0
11,2008-01-10,265.96666669999996
12,2008-01-11,0.0
13,2008-01-12,2459.2666670000003
14,2008-01-13,1463.0
15,2008-01-14,0.0
16,2008-01-15,0.0
17,2008-01-16,0.0
18,2008-01-17,3847.333333
19,2008-01-18,66.28333333
20,2008-01-19,7860.5
21,2008-01-20,3906.291667
22,2008-01-21,0.0
23,2008-01-22,0.0
24,2008-01-23,465.15
25,2008-01-24,265.7
26,2008-01-25,0.0
27,2008-01-26,0.0
28,2008-01-27,0.0
29,2008-01-28,0.0
30,2008-01-29,0.0
31,2008-01-30,0.0
32,2008-01-31,0.0
33,2008-02-01,0.0
34,2008-02-02,0.0
35,2008-02-03,0.0
36,2008-02-04,66.15833333
37,2008-02-05,66.15833333
38,2008-02-06,0.0
39,2008-02-07,0.0
40,2008-02-08,2737.6166670000002
41,2008-02-09,10590.325
42,2008-02-10,32.95416667
43,2008-02-11,0.0
44,2008-02-12,11473.85
45,2008-02-13,16401.0
46,2008-02-14,0.0
47,2008-02-15,0.0
48,2008-02-16,0.0
49,2008-02-17,0.0
50,2008-02-18,0.0
51,2008-02-19,497.875
52,2008-02-20,0.0
53,2008-02-21,8740.366667
54,2008-02-22,166.3125
55,2008-02-23,299.2125
56,2008-02-24,265.8333333
57,2008-02-25,0.0
58,2008-02-26,0.0
59,2008-02-27,926.8
60,2008-02-28,0.0
61,2008-02-29,0.0
62,2008-03-01,0.0
63,2008-03-02,0.0
64,2008-03-03,66.23333333
65,2008-03-04,99.35
66,2008-03-05,10692.64583
67,2008-03-06,21682.32083
68,2008-03-07,266.8
69,2008-03-08,8690.758333
70,2008-03-09,0.0
71,2008-03-10,0.0
72,2008-03-11,6061.358333
73,2008-03-12,66.63333333
74,2008-03-13,0.0
75,2008-03-14,66.65
76,2008-03-15,0.0
77,2008-03-16,0.0
78,2008-03-17,0.0
79,2008-03-18,0.0
80,2008-03-19,0.0
81,2008-03-20,1933.575
82,2008-03-21,0.0
83,2008-03-22,8630.095833
84,2008-03-23,15250.083330000001
85,2008-03-24,66.925
86,2008-03-25,0.0
87,2008-03-26,0.0
88,2008-03-27,0.0
89,2008-03-28,0.0
90,2008-03-29,0.0
91,2008-03-30,0.0
92,2008-03-31,201.45
93,2008-04-01,2482.083333
94,2008-04-02,1006.875
95,2008-04-03,0.0
96,2008-04-04,0.0
97,2008-04-05,100.95
98,2008-04-06,38456.45417
99,2008-04-07,5469.035833
100,2008-04-08,0.0
101,2008-04-09,1466.264167
102,2008-04-10,0.0
103,2008-04-11,0.0
104,2008-04-12,0.0
105,2008-04-13,748.8708333
106,2008-04-14,0.0
107,2008-04-15,0.0
108,2008-04-16,0.0
109,2008-04-17,0.0
110,2008-04-18,203.25
111,2008-04-19,0.0
112,2008-04-20,4807.883333
113,2008-04-21,0.0
114,2008-04-22,0.0
115,2008-04-23,0.0
116,2008-04-24,67.58333333
117,2008-04-25,405.35
118,2008-04-26,0.0
119,2008-04-27,0.0
120,2008-04-28,0.0
121,2008-04-29,0.0
122,2008-04-30,0.0
123,2008-05-01,0.0
124,2008-05-02,0.0
125,2008-05-03,0.0
126,2008-05-04,0.0
127,2008-05-05,66.41666667
128,2008-05-06,0.0
129,2008-05-07,0.0
130,2008-05-08,14025.975
131,2008-05-09,862.6583332999999
132,2008-05-10,198.7
133,2008-05-11,0.0
134,2008-05-12,0.0
135,2008-05-13,0.0
136,2008-05-14,0.0
137,2008-05-15,0.0
138,2008-05-16,0.0
139,2008-05-17,0.0
140,2008-05-18,0.0
141,2008-05-19,260.42
142,2008-05-20,7738.371667
143,2008-05-21,64.88266667
144,2008-05-22,10589.621000000001
145,2008-05-23,1007.7015
146,2008-05-24,14525.265
147,2008-05-25,358.204
148,2008-05-26,0.0
149,2008-05-27,97.3355
150,2008-05-28,0.0
151,2008-05-29,0.0
152,2008-05-30,0.0
153,2008-05-31,2770.504333
154,2008-06-01,0.0
155,2008-06-02,7771.951
156,2008-06-03,64.208
157,2008-06-04,0.0
158,2008-06-05,0.0
159,2008-06-06,0.0
160,2008-06-07,0.0
161,2008-06-08,445.7786666999999
162,2008-06-09,127.07933329999999
163,2008-06-10,2793.171333
164,2008-06-11,190.2875
165,2008-06-12,950.755
166,2008-06-13,3040.8559999999998
167,2008-06-14,0.0
168,2008-06-15,569.2245
169,2008-06-16,1708.0245
170,2008-06-17,1327.0985
171,2008-06-18,9866.558
172,2008-06-19,2846.1225
173,2008-06-20,3796.39
174,2008-06-21,2974.7553329999996
175,2008-06-22,10385.32733
176,2008-06-23,10591.58533
177,2008-06-24,0.0
178,2008-06-25,32940.48333
179,2008-06-26,31977.5
180,2008-06-27,0.0
181,2008-06-28,64.33833333
182,2008-06-29,5734.982
183,2008-06-30,6653.696999999999
184,2008-07-01,35779.919669999996
185,2008-07-02,4445.907999999999
186,2008-07-03,4455.292
187,2008-07-04,131.3753333
188,2008-07-05,65.795
189,2008-07-06,22689.66667
190,2008-07-07,6223.583333
191,2008-07-08,66.33333333
192,2008-07-09,0.0
193,2008-07-10,0.0
194,2008-07-11,0.0
195,2008-07-12,12151.2
196,2008-07-13,199.375
197,2008-07-14,2063.05
198,2008-07-15,1000.125
199,2008-07-16,3747.8
200,2008-07-17,1207.8
201,2008-07-18,0.0
202,2008-07-19,0.0
203,2008-07-20,0.0
204,2008-07-21,0.0
205,2008-07-22,2033.0
206,2008-07-23,28479.779169999998
207,2008-07-24,5468.866667
208,2008-07-25,412.57
209,2008-07-26,68.95666667
210,2008-07-27,1244.925
211,2008-07-28,9315.68
212,2008-07-29,139.3433333
213,2008-07-30,1778.56125
214,2008-07-31,8113.33
215,2008-08-01,0.0
216,2008-08-02,3155.2125
217,2008-08-03,211.1925
218,2008-08-04,15732.46417
219,2008-08-05,70.65166667
220,2008-08-06,71.09166667
221,2008-08-07,784.9416667
222,2008-08-08,3284.9366670000004
223,2008-08-09,357.7916667
224,2008-08-10,1942.875
225,2008-08-11,4921.273333
226,2008-08-12,10817.151670000001
227,2008-08-13,0.0
228,2008-08-14,12877.41
229,2008-08-15,362.8583333
230,2008-08-16,5293.838333
231,2008-08-17,20381.39833
232,2008-08-18,16881.095
233,2008-08-19,165568.2167
234,2008-08-20,5030.666667
235,2008-08-21,2965.0011670000004
236,2008-08-22,18615.212
237,2008-08-23,51953.274000000005
238,2008-08-24,11440.469579999999
239,2008-08-25,7053.6
240,2008-08-26,10480.86
241,2008-08-27,3998.9840000000004
242,2008-08-28,0.0
243,2008-08-29,0.0
244,2008-08-30,13445.2495
245,2008-08-31,12861.07925
246,2008-09-01,0.0
247,2008-09-02,1392.72375
248,2008-09-03,185.9545
249,2008-09-04,93.03816667
250,2008-09-05,62252.444
251,2008-09-06,0.0
252,2008-09-07,0.0
253,2008-09-08,1308.7433330000001
254,2008-09-09,2711.0166670000003
255,2008-09-10,0.0
256,2008-09-11,0.0
257,2008-09-12,0.0
258,2008-09-13,0.0
259,2008-09-14,1402.825
260,2008-09-15,0.0
261,2008-09-16,0.0
262,2008-09-17,1028.866667
263,2008-09-18,888.5033332999999
264,2008-09-19,701.175
265,2008-09-20,0.0
266,2008-09-21,467.29166669999995
267,2008-09-22,6821.606667
268,2008-09-23,12988.16
269,2008-09-24,2989.1733329999997
270,2008-09-25,0.0
271,2008-09-26,0.0
272,2008-09-27,2427.377333
273,2008-09-28,4386.4355829999995
274,2008-09-29,16515.32425
275,2008-09-30,18866.8
276,2008-10-01,280.26
277,2008-10-02,0.0
278,2008-10-03,0.0
279,2008-10-04,280.135
280,2008-10-05,840.34275
281,2008-10-06,5041.863
282,2008-10-07,186.69983330000002
283,2008-10-08,606.8909167
284,2008-10-09,653.4745
285,2008-10-10,29692.1105
286,2008-10-11,1681.23
287,2008-10-12,1681.17
288,2008-10-13,2708.2133329999997
289,2008-10-14,747.0533333
290,2008-10-15,0.0
291,2008-10-16,0.0
292,2008-10-17,0.0
293,2008-10-18,0.0
294,2008-10-19,0.0
295,2008-10-20,466.30166669999994
296,2008-10-21,93.22091667
297,2008-10-22,0.0
298,2008-10-23,1724.056625
299,2008-10-24,792.2559583
300,2008-10-25,17064.67375
301,2008-10-26,1305.694833
302,2008-10-27,93.22091667
303,2008-10-28,93.09908333
304,2008-10-29,325.70883330000004
305,2008-10-30,0.0
306,2008-10-31,93.00233333
307,2008-11-01,278.93175
308,2008-11-02,557.799
309,2008-11-03,278.88875
310,2008-11-04,0.0
311,2008-11-05,0.0
312,2008-11-06,185.8111667
313,2008-11-07,0.0
314,2008-11-08,0.0
315,2008-11-09,0.0
316,2008-11-10,0.0
317,2008-11-11,185.46716669999998
318,2008-11-12,1391.2725
319,2008-11-13,0.0
320,2008-11-14,0.0
321,2008-11-15,185.4313333
322,2008-11-16,92.60816667
323,2008-11-17,0.0
324,2008-11-18,0.0
325,2008-11-19,184.61599999999999
326,2008-11-20,0.0
327,2008-11-21,0.0
328,2008-11-22,0.0
329,2008-11-23,0.0
330,2008-11-24,276.21299999999997
331,2008-11-25,184.1288333
332,2008-11-26,91.94591667
333,2008-11-27,0.0
334,2008-11-28,0.0
335,2008-11-29,91.81425
336,2008-11-30,20578.18933
337,2008-12-01,1700.634083
338,2008-12-02,505.05079169999993
339,2008-12-03,0.0
340,2008-12-04,0.0
341,2008-12-05,0.0
342,2008-12-06,45.808375
343,2008-12-07,0.0
344,2008-12-08,0.0
345,2008-12-09,274.33675
346,2008-12-10,0.0
347,2008-12-11,23787.83333
348,2008-12-12,91.52458333
349,2008-12-13,0.0
350,2008-12-14,640.4416667
351,2008-12-15,182.9701667
352,2008-12-16,91.45216667
353,2008-12-17,91.42583333
354,2008-12-18,91.41266667
355,2008-12-19,0.0
356,2008-12-20,0.0
357,2008-12-21,182.66733330000002
358,2008-12-22,0.0
359,2008-12-23,0.0
360,2008-12-24,4556.479167
361,2008-12-25,2370.053833
362,2008-12-26,91.14275
363,2008-12-27,0.0
364,2008-12-28,91.07691667
365,2008-12-29,91.03741667
366,2008-12-30,90.97158333
367,2008-12-31,90.91891667
368,2009-01-01,181.6798333
369,2009-01-02,90.67666667
370,2009-01-03,0.0
371,2009-01-04,271.41900000000004
372,2009-01-05,90.39466667
373,2009-01-06,0.0
374,2009-01-07,1579.9875
375,2009-01-08,90.08133333
376,2009-01-09,44.93883333
377,2009-01-10,44.86833333
378,2009-01-11,44.79783333
379,2009-01-12,89.486
380,2009-01-13,2724.544667
381,2009-01-14,267.189
382,2009-01-15,0.0
383,2009-01-16,220.62083330000002
384,2009-01-17,88.10733333
385,2009-01-18,0.0
386,2009-01-19,88.15433333
387,2009-01-20,263.006
388,2009-01-21,43.65416667
389,2009-01-22,43.58366667
390,2009-01-23,43.51316667
391,2009-01-24,0.0
392,2009-01-25,43.45833333
393,2009-01-26,0.0
394,2009-01-27,0.0
395,2009-01-28,43.33808333
396,2009-01-29,86.54666667
397,2009-01-30,3016.830833
398,2009-01-31,42.81083333
399,2009-02-01,0.0
400,2009-02-02,6828.98375
401,2009-02-03,171.0213333
402,2009-02-04,0.0
403,2009-02-05,0.0
404,2009-02-06,0.0
405,2009-02-07,0.0
406,2009-02-08,0.0
407,2009-02-09,0.0
408,2009-02-10,84.23416667
409,2009-02-11,0.0
410,2009-02-12,84.06766667
411,2009-02-13,335.6046667
412,2009-02-14,0.0
413,2009-02-15,0.0
414,2009-02-16,0.0
415,2009-02-17,0.0
416,2009-02-18,0.0
417,2009-02-19,0.0
418,2009-02-20,0.0
419,2009-02-21,0.0
420,2009-02-22,0.0
421,2009-02-23,0.0
422,2009-02-24,0.0
423,2009-02-25,0.0
424,2009-02-26,0.0
425,2009-02-27,0.0
426,2009-02-28,0.0
427,2009-03-01,0.0
428,2009-03-02,0.0
429,2009-03-03,0.0
430,2009-03-04,0.0
431,2009-03-05,0.0
432,2009-03-06,160.9543333
433,2009-03-07,80.38216667
434,2009-03-08,0.0
435,2009-03-09,0.0
436,2009-03-10,0.0
437,2009-03-11,0.0
438,2009-03-12,0.0
439,2009-03-13,0.0
440,2009-03-14,0.0
441,2009-03-15,0.0
442,2009-03-16,0.0
443,2009-03-17,5480.1985
444,2009-03-18,119.16625
445,2009-03-19,9059.029
446,2009-03-20,0.0
447,2009-03-21,2219.4386670000004
448,2009-03-22,0.0
449,2009-03-23,316.97866669999996
450,2009-03-24,79.10816667
451,2009-03-25,0.0
452,2009-03-26,0.0
453,2009-03-27,0.0
454,2009-03-28,78.70916667
455,2009-03-29,4240.089
456,2009-03-30,156.7463333
457,2009-03-31,3448.881333
458,2009-04-01,2508.613333
459,2009-04-02,0.0
460,2009-04-03,234.584
461,2009-04-04,78.01616667
462,2009-04-05,0.0
463,2009-04-06,0.0
464,2009-04-07,0.0
465,2009-04-08,0.0
466,2009-04-09,0.0
467,2009-04-10,0.0
468,2009-04-11,0.0
469,2009-04-12,0.0
470,2009-04-13,0.0
471,2009-04-14,905.26
472,2009-04-15,0.0
473,2009-04-16,0.0
474,2009-04-17,0.0
475,2009-04-18,0.0
476,2009-04-19,0.0
477,2009-04-20,0.0
478,2009-04-21,1036.723333
479,2009-04-22,0.0
480,2009-04-23,0.0
481,2009-04-24,0.0
482,2009-04-25,0.0
483,2009-04-26,0.0
484,2009-04-27,0.0
485,2009-04-28,0.0
486,2009-04-29,0.0
487,2009-04-30,0.0
488,2009-05-01,0.0
489,2009-05-02,0.0
490,2009-05-03,70.95833333
491,2009-05-04,0.0
492,2009-05-05,0.0
493,2009-05-06,0.0
494,2009-05-07,0.0
495,2009-05-08,0.0
496,2009-05-09,0.0
497,2009-05-10,0.0
498,2009-05-11,8949.529167
499,2009-05-12,413.675
500,2009-05-13,0.0
501,2009-05-14,14160.44
502,2009-05-15,3374.63
503,2009-05-16,1855.6875
504,2009-05-17,0.0
505,2009-05-18,16062.25
506,2009-05-19,5695.529167000001
507,2009-05-20,14076.0
508,2009-05-21,1913.2895829999998
509,2009-05-22,8994.4225
510,2009-05-23,661.7779167
511,2009-05-24,1356.0625
512,2009-05-25,30899.384169999998
513,2009-05-26,14132.70625
514,2009-05-27,19591.58667
515,2009-05-28,10979.5425
516,2009-05-29,11692.26167
517,2009-05-30,1335.4225
518,2009-05-31,36.28583333
519,2009-06-01,0.0
520,2009-06-02,0.0
521,2009-06-03,2376.345833
522,2009-06-04,12138.04583
523,2009-06-05,19990.1625
524,2009-06-06,20147.37083
525,2009-06-07,2631.125
526,2009-06-08,526.925
527,2009-06-09,0.0
528,2009-06-10,3940.3
529,2009-06-11,0.0
530,2009-06-12,76.09166667
531,2009-06-13,533.1083333
532,2009-06-14,0.0
533,2009-06-15,11588.73333
534,2009-06-16,2178.1125
535,2009-06-17,420.52083330000005
536,2009-06-18,4983.225
537,2009-06-19,153.86333330000002
538,2009-06-20,0.0
539,2009-06-21,0.0
540,2009-06-22,0.0
541,2009-06-23,69302.75332999999
542,2009-06-24,469.42
543,2009-06-25,0.0
544,2009-06-26,4785.246667
545,2009-06-27,942.1160000000001
546,2009-06-28,7267.000417
547,2009-06-29,33882.25283
548,2009-06-30,9162.461
549,2009-07-01,23937.2
550,2009-07-02,42834.06867
551,2009-07-03,9093.242667
552,2009-07-04,81.54116667
553,2009-07-05,3108.3113329999996
554,2009-07-06,164.0323333
555,2009-07-07,0.0
556,2009-07-08,0.0
557,2009-07-09,6709.0815
558,2009-07-10,749.1165
559,2009-07-11,19884.820669999997
560,2009-07-12,12758.6735
561,2009-07-13,1058.708333
562,2009-07-14,1276.0
563,2009-07-15,85.39966667
564,2009-07-16,0.0
565,2009-07-17,0.0
566,2009-07-18,257.309
567,2009-07-19,10138.284670000001
568,2009-07-20,258.41900000000004
569,2009-07-21,1036.7839999999999
570,2009-07-22,0.0
571,2009-07-23,0.0
572,2009-07-24,0.0
573,2009-07-25,1949.7975
574,2009-07-26,9625.1615
575,2009-07-27,86.995
576,2009-07-28,3662.344
577,2009-07-29,2796.373333
578,2009-07-30,7535.463333
579,2009-07-31,87.84100000000001
580,2009-08-01,3341.53
581,2009-08-02,264.134
582,2009-08-03,616.7513332999999
583,2009-08-04,88.23266667
584,2009-08-05,795.081
585,2009-08-06,5928.383333
586,2009-08-07,11456.791000000001
587,2009-08-08,6330.147
588,2009-08-09,268.082
589,2009-08-10,6812.842667
590,2009-08-11,3104.0225
591,2009-08-12,3153.9433329999997
592,2009-08-13,3789.9959999999996
593,2009-08-14,0.0
594,2009-08-15,11919.86133
595,2009-08-16,726.8246667000001
596,2009-08-17,0.0
597,2009-08-18,1907.91475
598,2009-08-19,90.85308333
599,2009-08-20,0.0
600,2009-08-21,25162.656919999998
601,2009-08-22,3230.65975
602,2009-08-23,2320.279
603,2009-08-24,910.1108332999999
604,2009-08-25,4324.59
605,2009-08-26,2504.6152079999997
606,2009-08-27,774.1537917
607,2009-08-28,6877.798333
608,2009-08-29,28351.5375
609,2009-08-30,5886.350625
610,2009-08-31,4299.4895
611,2009-09-01,3111.1643329999997
612,2009-09-02,12909.6075
613,2009-09-03,995.1964762
614,2009-09-04,11063.825190000001
615,2009-09-05,2625.521429
616,2009-09-06,315.2657143
617,2009-09-07,183.984
618,2009-09-08,92.0315
619,2009-09-09,230.14458330000002
620,2009-09-10,5617.53575
621,2009-09-11,17750.28063
622,2009-09-12,20831.78396
623,2009-09-13,8278.809667
624,2009-09-14,1341.623375
625,2009-09-15,0.0
626,2009-09-16,0.0
627,2009-09-17,1573.242333
628,2009-09-18,694.13125
629,2009-09-19,231.395
630,2009-09-20,1157.24375
631,2009-09-21,138.896125
632,2009-09-22,1944.7715
633,2009-09-23,0.0
634,2009-09-24,4075.232333
635,2009-09-25,0.0
636,2009-09-26,46.316625
637,2009-09-27,602.0695417000001
638,2009-09-28,0.0
639,2009-09-29,0.0
640,2009-09-30,0.0
641,2009-10-01,0.0
642,2009-10-02,0.0
643,2009-10-03,0.0
644,2009-10-04,0.0
645,2009-10-05,3143.1725
646,2009-10-06,37125.099
647,2009-10-07,323.7899583
648,2009-10-08,92.4935
649,2009-10-09,0.0
650,2009-10-10,0.0
651,2009-10-11,0.0
652,2009-10-12,92.32775
653,2009-10-13,0.0
654,2009-10-14,0.0
655,2009-10-15,0.0
656,2009-10-16,506.57154169999995
657,2009-10-17,91.95908333
658,2009-10-18,0.0
659,2009-10-19,228.8608333
660,2009-10-20,45.78204167
661,2009-10-21,0.0
662,2009-10-22,686.236875
663,2009-10-23,274.39599999999996
664,2009-10-24,0.0
665,2009-10-25,45.689875
666,2009-10-26,0.0
667,2009-10-27,0.0
668,2009-10-28,91.30075
669,2009-10-29,0.0
670,2009-10-30,45.610875
671,2009-10-31,45.57795833
672,2009-11-01,0.0
673,2009-11-02,45.52858333
674,2009-11-03,45.47920833
675,2009-11-04,45.43641667
676,2009-11-05,135.8505
677,2009-11-06,90.34766667
678,2009-11-07,45.0955
679,2009-11-08,135.1455
680,2009-11-09,1844.4191670000002
681,2009-11-10,449.31
682,2009-11-11,0.0
683,2009-11-12,0.0
684,2009-11-13,178.3766667
685,2009-11-14,89.09433333
686,2009-11-15,0.0
687,2009-11-16,266.296
688,2009-11-17,0.0
689,2009-11-18,265.497
690,2009-11-19,44.1555
691,2009-11-20,0.0
692,2009-11-21,0.0
693,2009-11-22,176.08933330000002
694,2009-11-23,351.8026667
695,2009-11-24,175.68200000000002
696,2009-11-25,14602.41133
697,2009-11-26,351.8026667
698,2009-11-27,87.52766667
699,2009-11-28,262.63
700,2009-11-29,175.0553333
701,2009-11-30,0.0
702,2009-12-01,87.465
703,2009-12-02,0.0
704,2009-12-03,2843.1216670000003
705,2009-12-04,9086.584
706,2009-12-05,35142.52457
707,2009-12-06,0.0
708,2009-12-07,0.0
709,2009-12-08,176.68466669999998
710,2009-12-09,88.37366667
711,2009-12-10,265.074
712,2009-12-11,88.18566667
713,2009-12-12,617.8480000000001
714,2009-12-13,176.4966667
715,2009-12-14,0.0
716,2009-12-15,529.396
717,2009-12-16,264.557
718,2009-12-17,5030.155
719,2009-12-18,22421.95633
720,2009-12-19,265.027
721,2009-12-20,0.0
722,2009-12-21,0.0
723,2009-12-22,396.4125
724,2009-12-23,264.46299999999997
725,2009-12-24,88.24833333
726,2009-12-25,1235.038
727,2009-12-26,176.21466669999998
728,2009-12-27,88.07600000000001
729,2009-12-28,87.90366667
730,2009-12-29,350.7373333
731,2009-12-30,43.8735
732,2009-12-31,87.77833333
733,2010-01-01,8556.86
734,2010-01-02,262.77099999999996
735,2010-01-03,87.465
736,2010-01-04,87.30833333
737,2010-01-05,261.408
738,2010-01-06,260.797
739,2010-01-07,86.91666667
740,2010-01-08,260.639
741,2010-01-09,6962.538917
742,2010-01-10,258.6965
743,2010-01-11,86.38016667
744,2010-01-12,172.94533330000002
745,2010-01-13,0.0
746,2010-01-14,0.0
747,2010-01-15,173.0563333
748,2010-01-16,0.0
749,2010-01-17,5554.378667
750,2010-01-18,86.80566667
751,2010-01-19,0.0
752,2010-01-20,0.0
753,2010-01-21,130.3195
754,2010-01-22,2215.90325
755,2010-01-23,434.74
756,2010-01-24,0.0
757,2010-01-25,16285.643
758,2010-01-26,0.0
759,2010-01-27,0.0
760,2010-01-28,86.995
761,2010-01-29,348.0426667
762,2010-01-30,174.1466667
763,2010-01-31,0.0
764,2010-02-01,7877.3009999999995
765,2010-02-02,1482.91
766,2010-02-03,261.408
767,2010-02-04,0.0
768,2010-02-05,7427.866667
769,2010-02-06,174.554
770,2010-02-07,261.878
771,2010-02-08,174.6166667
772,2010-02-09,3584.7803329999997
773,2010-02-10,87.02633333
774,2010-02-11,0.0
775,2010-02-12,10905.70833
776,2010-02-13,86.91666667
777,2010-02-14,0.0
778,2010-02-15,174.74200000000002
779,2010-02-16,0.0
780,2010-02-17,87.13600000000001
781,2010-02-18,0.0
782,2010-02-19,0.0
783,2010-02-20,0.0
784,2010-02-21,174.77333330000002
785,2010-02-22,87.48066667
786,2010-02-23,174.93
787,2010-02-24,16717.784330000002
788,2010-02-25,87.29266667
789,2010-02-26,87.52766667
790,2010-02-27,3505.493333
791,2010-02-28,0.0
792,2010-03-01,87.76266667
793,2010-03-02,8567.5525
794,2010-03-03,0.0
795,2010-03-04,0.0
796,2010-03-05,0.0
797,2010-03-06,0.0
798,2010-03-07,0.0
799,2010-03-08,174.9926667
800,2010-03-09,87.49633333
801,2010-03-10,0.0
802,2010-03-11,37950.5775
803,2010-03-12,90259.326
804,2010-03-13,181.6353333
805,2010-03-14,91.0045
806,2010-03-15,0.0
807,2010-03-16,0.0
808,2010-03-17,912.4808332999999
809,2010-03-18,0.0
810,2010-03-19,91.36
811,2010-03-20,0.0
812,2010-03-21,17205.384
813,2010-03-22,3713.9445
814,2010-03-23,0.0
815,2010-03-24,183.5626667
816,2010-03-25,91.84058333
817,2010-03-26,3583.83675
818,2010-03-27,0.0
819,2010-03-28,40755.37242
820,2010-03-29,23325.519
821,2010-03-30,0.0
822,2010-03-31,0.0
823,2010-04-01,139.224
824,2010-04-02,0.0
825,2010-04-03,0.0
826,2010-04-04,0.0
827,2010-04-05,0.0
828,2010-04-06,46.488625
829,2010-04-07,0.0
830,2010-04-08,0.0
831,2010-04-09,185.9688333
832,2010-04-10,0.0
833,2010-04-11,4368.246583
834,2010-04-12,511.256625
835,2010-04-13,0.0
836,2010-04-14,0.0
837,2010-04-15,0.0
838,2010-04-16,1811.099875
839,2010-04-17,325.1068333
840,2010-04-18,17792.79163
841,2010-04-19,1434.672
842,2010-04-20,558.2075
843,2010-04-21,372.21
844,2010-04-22,186.148
845,2010-04-23,0.0
846,2010-04-24,0.0
847,2010-04-25,1302.684833
848,2010-04-26,106739.9667
849,2010-04-27,0.0
850,2010-04-28,0.0
851,2010-04-29,0.0
852,2010-04-30,0.0
853,2010-05-01,0.0
854,2010-05-02,0.0
855,2010-05-03,0.0
856,2010-05-04,0.0
857,2010-05-05,0.0
858,2010-05-06,4206.225
859,2010-05-07,1448.810833
860,2010-05-08,46.725
861,2010-05-09,0.0
862,2010-05-10,93.38166667
863,2010-05-11,0.0
864,2010-05-12,0.0
865,2010-05-13,0.0
866,2010-05-14,0.0
867,2010-05-15,0.0
868,2010-05-16,9418.64175
869,2010-05-17,11738.957540000001
870,2010-05-18,0.0
871,2010-05-19,92.77658333
872,2010-05-20,92.7515
873,2010-05-21,92.72283333
874,2010-05-22,0.0
875,2010-05-23,0.0
876,2010-05-24,0.0
877,2010-05-25,4436.156
878,2010-05-26,138.46200000000002
879,2010-05-27,21287.164
880,2010-05-28,11058.0
881,2010-05-29,7164.441143000001
882,2010-05-30,5992.3175
883,2010-05-31,56518.48854
884,2010-06-01,11116.42
885,2010-06-02,1019.478167
886,2010-06-03,5467.89875
887,2010-06-04,231.70854169999998
888,2010-06-05,6070.294375
889,2010-06-06,2178.397125
890,2010-06-07,13398.44942
891,2010-06-08,46.365
892,2010-06-09,138.99825
893,2010-06-10,138.9445
894,2010-06-11,46.28616667
895,2010-06-12,0.0
896,2010-06-13,0.0
897,2010-06-14,0.0
898,2010-06-15,138.274375
899,2010-06-16,1104.694
900,2010-06-17,689.396875
901,2010-06-18,15609.541669999999
902,2010-06-19,1422.712708
903,2010-06-20,1421.794333
904,2010-06-21,45.83141667
905,2010-06-22,45.78533333
906,2010-06-23,45.70304167
907,2010-06-24,45.610875
908,2010-06-25,409.846125
909,2010-06-26,29879.84762
910,2010-06-27,90.89258333
911,2010-06-28,362.5813333
912,2010-06-29,361.0773333
913,2010-06-30,30723.077
914,2010-07-01,13459.468
915,2010-07-02,60401.094000000005
916,2010-07-03,4416.272583
917,2010-07-04,31501.19283
918,2010-07-05,34429.26213
919,2010-07-06,1055.712458
920,2010-07-07,1103.351
921,2010-07-08,0.0
922,2010-07-09,0.0
923,2010-07-10,4146.75
924,2010-07-11,92.17633333
925,2010-07-12,11797.728000000001
926,2010-07-13,0.0
927,2010-07-14,4606.5125
928,2010-07-15,2025.4171670000003
929,2010-07-16,1517.759375
930,2010-07-17,0.0
931,2010-07-18,0.0
932,2010-07-19,0.0
933,2010-07-20,0.0
934,2010-07-21,0.0
935,2010-07-22,0.0
936,2010-07-23,14178.216
937,2010-07-24,0.0
938,2010-07-25,2862.286875
939,2010-07-26,181.4473333
940,2010-07-27,723.784
941,2010-07-28,812.283
942,2010-07-29,0.0
943,2010-07-30,5744.149332999999
944,2010-07-31,0.0
945,2010-08-01,1021.44381
946,2010-08-02,0.0
947,2010-08-03,3072.6735
948,2010-08-04,89.07866667
949,2010-08-05,6265.6875
950,2010-08-06,17489.857
951,2010-08-07,16406.109
952,2010-08-08,36682.284380000005
953,2010-08-09,3897.1352380000003
954,2010-08-10,5550.603429
955,2010-08-11,26662.663669999998
956,2010-08-12,180.19400000000002
957,2010-08-13,2520.9613329999997
958,2010-08-14,180.22533330000002
959,2010-08-15,270.103
960,2010-08-16,26993.435830000002
961,2010-08-17,90.55133333
962,2010-08-18,11318.91667
963,2010-08-19,1086.992
964,2010-08-20,19047.86433
965,2010-08-21,10214.65638
966,2010-08-22,3478.3751899999997
967,2010-08-23,4469.956475999999
968,2010-08-24,2757.332571
969,2010-08-25,23013.40352
970,2010-08-26,260.4266667
971,2010-08-27,1250.4091429999999
972,2010-08-28,820.581
973,2010-08-29,2598.88175
974,2010-08-30,1458.9160000000002
975,2010-08-31,91.17566667
976,2010-09-01,1320.71075
977,2010-09-02,91.05716667
978,2010-09-03,91.06375
979,2010-09-04,8013.61
980,2010-09-05,8700.989083
981,2010-09-06,6248.689875
982,2010-09-07,15812.1135
983,2010-09-08,2152.993625
984,2010-09-09,2016.5823329999998
985,2010-09-10,91.68916667
986,2010-09-11,0.0
987,2010-09-12,0.0
988,2010-09-13,4034.033667
989,2010-09-14,0.0
990,2010-09-15,0.0
991,2010-09-16,0.0
992,2010-09-17,731.5646667000001
993,2010-09-18,45.68
994,2010-09-19,2236.223208
995,2010-09-20,0.0
996,2010-09-21,0.0
997,2010-09-22,91.10325
998,2010-09-23,0.0
999,2010-09-24,4870.501792
1000,2010-09-25,0.0
1001,2010-09-26,1228.294125
1002,2010-09-27,8416.089375
1003,2010-09-28,29380.798130000003
1004,2010-09-29,5478.045
1005,2010-09-30,0.0
1006,2010-10-01,912.5466667000002
1007,2010-10-02,0.0
1008,2010-10-03,0.0
1009,2010-10-04,0.0
1010,2010-10-05,0.0
1011,2010-10-06,0.0
1012,2010-10-07,0.0
1013,2010-10-08,0.0
1014,2010-10-09,0.0
1015,2010-10-10,0.0
1016,2010-10-11,270.291
1017,2010-10-12,89.94033333
1018,2010-10-13,0.0
1019,2010-10-14,761.8295
1020,2010-10-15,0.0
1021,2010-10-16,0.0
1022,2010-10-17,267.189
1023,2010-10-18,177.87533330000002
1024,2010-10-19,177.65599999999998
1025,2010-10-20,1950.4246670000002
1026,2010-10-21,0.0
1027,2010-10-22,88.46766667
1028,2010-10-23,0.0
1029,2010-10-24,0.0
1030,2010-10-25,0.0
1031,2010-10-26,0.0
1032,2010-10-27,0.0
1033,2010-10-28,0.0
1034,2010-10-29,0.0
1035,2010-10-30,0.0
1036,2010-10-31,173.83333330000002
1037,2010-11-01,4033.88275
1038,2010-11-02,390.126
1039,2010-11-03,6244.68
1040,2010-11-04,8946.700167
1041,2010-11-05,1209.581333
1042,2010-11-06,0.0
1043,2010-11-07,0.0
1044,2010-11-08,0.0
1045,2010-11-09,0.0
1046,2010-11-10,0.0
1047,2010-11-11,0.0
1048,2010-11-12,0.0
1049,2010-11-13,0.0
1050,2010-11-14,0.0
1051,2010-11-15,0.0
1052,2010-11-16,0.0
1053,2010-11-17,0.0
1054,2010-11-18,0.0
1055,2010-11-19,0.0
1056,2010-11-20,83.75316667
1057,2010-11-21,0.0
1058,2010-11-22,0.0
1059,2010-11-23,0.0
1060,2010-11-24,0.0
1061,2010-11-25,0.0
1062,2010-11-26,0.0
1063,2010-11-27,248.09599999999998
1064,2010-11-28,0.0
1065,2010-11-29,82.40266667
1066,2010-11-30,0.0
1067,2010-12-01,0.0
1068,2010-12-02,0.0
1069,2010-12-03,0.0
1070,2010-12-04,0.0
1071,2010-12-05,0.0
1072,2010-12-06,0.0
1073,2010-12-07,0.0
1074,2010-12-08,0.0
1075,2010-12-09,5814.876
1076,2010-12-10,80.79066667
1077,2010-12-11,242.3435
1078,2010-12-12,0.0
1079,2010-12-13,0.0
1080,2010-12-14,0.0
1081,2010-12-15,0.0
1082,2010-12-16,0.0
1083,2010-12-17,240.2345
1084,2010-12-18,7210.455
1085,2010-12-19,561.0126667000001
1086,2010-12-20,80.09716667
1087,2010-12-21,80.14466667
1088,2010-12-22,0.0
1089,2010-12-23,0.0
1090,2010-12-24,0.0
1091,2010-12-25,0.0
1092,2010-12-26,3668.4386670000004
1093,2010-12-27,0.0
1094,2010-12-28,0.0
1095,2010-12-29,0.0
1096,2010-12-30,0.0
1097,2010-12-31,0.0
