Date,SLTRIB
30-Dec-90,
31-Dec-90,
1-Jan-91,65.23821528
2-Jan-91,64.98613562
3-Jan-91,64.68364003
4-Jan-91,64.43156037
5-Jan-91,64.17948072
6-Jan-91,63.92740106
7-Jan-91,63.6753214
8-Jan-91,63.42324174
9-Jan-91,63.17116209
10-Jan-91,605.5457525
11-Jan-91,822.9896647
12-Jan-91,208.2682128
13-Jan-91,62.16284346
14-Jan-91,61.9107638
15-Jan-91,1488.933703
16-Jan-91,4187.648097
17-Jan-91,1746.307033
18-Jan-91,851.474666
19-Jan-91,960.4739098
20-Jan-91,437.9127804
21-Jan-91,687.3203932
22-Jan-91,561.2805647
23-Jan-91,165.0113436
24-Jan-91,695.4877741
25-Jan-91,396.2188051
26-Jan-91,406.604487
27-Jan-91,602.97454
28-Jan-91,602.924124
29-Jan-91,501.3864381
30-Jan-91,168.4396269
31-Jan-91,604.1845223
1-Feb-91,57.62540963
2-Feb-91,1354.373582
3-Feb-91,2019.763045
4-Feb-91,1043.156037
5-Feb-91,413.5114696
6-Feb-91,421.7292664
7-Feb-91,722.5611293
8-Feb-91,78.39677338
9-Feb-91,394.101336
10-Feb-91,55.55835644
11-Feb-91,55.35669271
12-Feb-91,286.009579
13-Feb-91,54.90294933
14-Feb-91,156.2389715
15-Feb-91,196.7733804
16-Feb-91,81.57297706
17-Feb-91,54.0458785
18-Feb-91,53.84421477
19-Feb-91,291.7569952
20-Feb-91,106.2263675
21-Feb-91,53.18880766
22-Feb-91,52.98714394
23-Feb-91,52.78548021
24-Feb-91,52.53340055
25-Feb-91,824.1996471
26-Feb-91,1004.537434
27-Feb-91,402.97454
28-Feb-91,813.3602218
1-Mar-91,452.5838165
2-Mar-91,104.9659692
3-Mar-91,1667.204437
4-Mar-91,1996.924628
5-Mar-91,598.5883539
6-Mar-91,463.5240736
7-Mar-91,578.5228132
8-Mar-91,1010.587346
9-Mar-91,1847.189312
10-Mar-91,2140.811696
11-Mar-91,1498.210234
12-Mar-91,1050.3151
13-Mar-91,928.2581296
14-Mar-91,923.7711117
15-Mar-91,456.3650113
16-Mar-91,550.4915553
17-Mar-91,706.1255357
18-Mar-91,1307.940509
19-Mar-91,587.6985127
20-Mar-91,320.0403327
21-Mar-91,583.3123267
22-Mar-91,305.3188808
23-Mar-91,354.7264936
24-Mar-91,106.7305268
25-Mar-91,96.64734056
26-Mar-91,87.42122511
27-Mar-91,79.10259642
28-Mar-91,74.262667
29-Mar-91,73.96017141
30-Mar-91,421.0234434
31-Mar-91,1095.53819
1-Apr-91,792.8409377
2-Apr-91,609.6294429
3-Apr-91,844.9205949
4-Apr-91,3226.720444
5-Apr-91,1391.278044
6-Apr-91,1575.749937
7-Apr-91,1205.444921
8-Apr-91,1895.28611
9-Apr-91,876.5817998
10-Apr-91,999.4958407
11-Apr-91,366.876733
12-Apr-91,580.136123
13-Apr-91,300.3781195
14-Apr-91,599.7983363
15-Apr-91,1411.847744
16-Apr-91,489.5891102
17-Apr-91,738.4421477
18-Apr-91,1325.938997
19-Apr-91,1116.511218
20-Apr-91,1407.965717
21-Apr-91,1322.914041
22-Apr-91,1223.29216
23-Apr-91,1139.40005
24-Apr-91,661.6586841
25-Apr-91,2071.842702
26-Apr-91,3217.393496
27-Apr-91,2007.814469
28-Apr-91,1468.666499
29-Apr-91,1289.387446
30-Apr-91,691.1015881
1-May-91,456.9700025
2-May-91,413.4610537
3-May-91,374.1366272
4-May-91,338.5429796
5-May-91,306.3271994
6-May-91,277.1363751
7-May-91,250.768843
8-May-91,307.1842702
9-May-91,317.7716158
10-May-91,207.360726
11-May-91,168.0867154
12-May-91,152.1048651
13-May-91,508.6967482
14-May-91,683.9929418
15-May-91,319.1832619
16-May-91,1062.062012
17-May-91,1540.710865
18-May-91,434.8878246
19-May-91,251.7267457
20-May-91,802.8737081
21-May-91,716.208722
22-May-91,1108.948828
23-May-91,3747.315352
24-May-91,1480.060499
25-May-91,846.1809932
26-May-91,1155.986892
27-May-91,1630.199143
28-May-91,844.9710108
29-May-91,535.5180237
30-May-91,449.5084447
31-May-91,406.7557348
1-Jun-91,606.0499118
2-Jun-91,1420.5697
3-Jun-91,1209.881523
4-Jun-91,475.4726494
5-Jun-91,427.5775145
6-Jun-91,2468.76733
7-Jun-91,0.050415931
8-Jun-91,4118.578271
9-Jun-91,3628.081674
10-Jun-91,4142.576254
11-Jun-91,3043.307285
12-Jun-91,1901.991429
13-Jun-91,1435.694479
14-Jun-91,1204.134106
15-Jun-91,1012.906478
16-Jun-91,1311.368793
17-Jun-91,843.3072851
18-Jun-91,1593.79884
19-Jun-91,3027.678346
20-Jun-91,1829.846231
21-Jun-91,1449.962188
22-Jun-91,1805.999496
23-Jun-91,1094.126544
24-Jun-91,910.6629695
25-Jun-91,1740.005042
26-Jun-91,4845.777666
27-Jun-91,3161.532644
28-Jun-91,2617.242249
29-Jun-91,2667.002773
30-Jun-91,2313.234182
1-Jul-91,3935.06428
2-Jul-91,3154.020671
3-Jul-91,3123.569448
4-Jul-91,2658.684144
5-Jul-91,1783.715654
6-Jul-91,3579.17822
7-Jul-91,2668.666499
8-Jul-91,2734.055962
9-Jul-91,2787.043106
10-Jul-91,3309.301739
11-Jul-91,2162.036804
12-Jul-91,2807.56239
13-Jul-91,2328.863121
14-Jul-91,2743.584573
15-Jul-91,2981.648601
16-Jul-91,3712.730023
17-Jul-91,3535.366776
18-Jul-91,2543.9879
19-Jul-91,1820.015125
20-Jul-91,1441.895639
21-Jul-91,1468.061507
22-Jul-91,1926.846483
23-Jul-91,1419.712629
24-Jul-91,1096.798588
25-Jul-91,1166.372574
26-Jul-91,2342.677086
27-Jul-91,3936.778422
28-Jul-91,2732.745147
29-Jul-91,2704.71389
30-Jul-91,2058.98664
31-Jul-91,3207.56239
1-Aug-91,1738.442148
2-Aug-91,2104.260146
3-Aug-91,1818.502647
4-Aug-91,1442.903958
5-Aug-91,1015.175195
6-Aug-91,1111.318377
7-Aug-91,927.7035543
8-Aug-91,2247.441391
9-Aug-91,3234.988656
10-Aug-91,1329.1152
11-Aug-91,1166.473406
12-Aug-91,1185.833123
13-Aug-91,917.5195362
14-Aug-91,1434.988656
15-Aug-91,2800.25208
16-Aug-91,2050.415931
17-Aug-91,1484.14419
18-Aug-91,1118.729519
19-Aug-91,1061.507436
20-Aug-91,1006.352407
21-Aug-91,1046.987648
22-Aug-91,1947.365768
23-Aug-91,2842.198135
24-Aug-91,1392.135115
25-Aug-91,1933.602218
26-Aug-91,3787.799345
27-Aug-91,2203.831611
28-Aug-91,2254.297958
29-Aug-91,2312.830855
30-Aug-91,2545.399546
31-Aug-91,1541.467104
1-Sep-91,1340.257121
2-Sep-91,1621.830098
3-Sep-91,1593.698009
4-Sep-91,1385.429796
5-Sep-91,1179.984875
6-Sep-91,1428.031258
7-Sep-91,2035.039072
8-Sep-91,1825.207966
9-Sep-91,2990.572221
10-Sep-91,2949.533653
11-Sep-91,2224.451727
12-Sep-91,2004.789513
13-Sep-91,1629.795815
14-Sep-91,1337.030502
15-Sep-91,1044.870179
16-Sep-91,1361.482228
17-Sep-91,926.1910764
18-Sep-91,374.9432821
19-Sep-91,339.2488026
20-Sep-91,537.9884043
21-Sep-91,624.5525586
22-Sep-91,1050.668011
23-Sep-91,1788.505168
24-Sep-91,2396.672549
25-Sep-91,1511.167129
26-Sep-91,1200.957903
27-Sep-91,945.7524578
28-Sep-91,1870.683136
29-Sep-91,3750.037812
30-Sep-91,3889.740358
1-Oct-91,0.050415931
2-Oct-91,0.403327451
3-Oct-91,4664.582808
4-Oct-91,4143.231661
5-Oct-91,2911.872952
6-Oct-91,3139.047139
7-Oct-91,2525.081926
8-Oct-91,2511.066297
9-Oct-91,2365.414671
10-Oct-91,2431.560373
11-Oct-91,2000.352912
12-Oct-91,1325.838165
13-Oct-91,968.7421225
14-Oct-91,912.9821023
15-Oct-91,1938.946307
16-Oct-91,1854.953365
17-Oct-91,857.9783211
18-Oct-91,734.2576254
19-Oct-91,696.5465087
20-Oct-91,660.2470381
21-Oct-91,625.762541
22-Oct-91,631.1066297
23-Oct-91,664.8348878
24-Oct-91,218.351399
25-Oct-91,186.0852029
26-Oct-91,165.5659188
27-Oct-91,256.3145954
28-Oct-91,333.1484749
29-Oct-91,219.0572221
30-Oct-91,123.9727754
31-Oct-91,100.4285354
1-Nov-91,90.84950844
2-Nov-91,82.22838417
3-Nov-91,74.4139148
4-Nov-91,74.11141921
5-Nov-91,88.12704815
6-Nov-91,93.57196874
7-Nov-91,77.03554323
8-Nov-91,72.90143685
9-Nov-91,72.6493572
10-Nov-91,72.34686161
11-Nov-91,72.04436602
12-Nov-91,71.74187043
13-Nov-91,71.48979077
14-Nov-91,71.18729519
15-Nov-91,70.8847996
16-Nov-91,70.63271994
17-Nov-91,70.33022435
18-Nov-91,70.07814469
19-Nov-91,69.77564911
20-Nov-91,188.5051676
21-Nov-91,235.9465591
22-Nov-91,100.9326947
23-Nov-91,68.66649861
24-Nov-91,155.6843963
25-Nov-91,190.471389
26-Nov-91,91.30325183
27-Nov-91,67.55734812
28-Nov-91,67.30526846
29-Nov-91,67.05318881
30-Nov-91,66.75069322
1-Dec-91,222.9392488
2-Dec-91,388.1018402
3-Dec-91,297.4539955
4-Dec-91,117.670784
5-Dec-91,138.2908999
6-Dec-91,79.15301235
7-Dec-91,64.93571969
8-Dec-91,64.68364003
9-Dec-91,64.43156037
10-Dec-91,64.17948072
11-Dec-91,63.87698513
12-Dec-91,63.62490547
13-Dec-91,528.0564658
14-Dec-91,714.2425006
15-Dec-91,187.7993446
16-Dec-91,62.61658684
17-Dec-91,62.36450718
18-Dec-91,62.11242753
19-Dec-91,61.9107638
20-Dec-91,61.65868414
21-Dec-91,61.40660449
22-Dec-91,61.15452483
23-Dec-91,60.90244517
24-Dec-91,60.65036552
25-Dec-91,60.39828586
26-Dec-91,60.19662213
27-Dec-91,135.1146962
28-Dec-91,165.0113436
29-Dec-91,79.65717167
30-Dec-91,59.23871944
31-Dec-91,58.98663978
1-Jan-92,396.8742123
2-Jan-92,620.4688682
3-Jan-92,272.7501891
4-Jan-92,81.77464079
5-Jan-92,57.82707336
6-Jan-92,57.5749937
7-Jan-92,57.37332997
8-Jan-92,57.12125032
9-Jan-92,56.91958659
10-Jan-92,56.66750693
11-Jan-92,56.46584321
12-Jan-92,56.21376355
13-Jan-92,56.01209982
14-Jan-92,86.765818
15-Jan-92,99.01688934
16-Jan-92,63.6753214
17-Jan-92,55.10461306
18-Jan-92,54.90294933
19-Jan-92,54.65086967
20-Jan-92,90.69826065
21-Jan-92,105.0163852
22-Jan-92,63.77615326
23-Jan-92,96.04234938
24-Jan-92,112.7804386
25-Jan-92,64.73405596
26-Jan-92,53.13839173
27-Jan-92,52.93672801
28-Jan-92,94.7819511
29-Jan-92,111.4696244
30-Jan-92,63.62490547
31-Jan-92,52.1300731
1-Feb-92,51.87799345
2-Feb-92,51.67632972
3-Feb-92,51.47466599
4-Feb-92,51.27300227
5-Feb-92,847.7438871
6-Feb-92,1165.112175
7-Feb-92,264.4315604
8-Feb-92,50.46634737
9-Feb-92,50.26468364
10-Feb-92,50.06301991
11-Feb-92,49.86135619
12-Feb-92,101.7393496
13-Feb-92,49.45802874
14-Feb-92,49.25636501
15-Feb-92,49.05470129
16-Feb-92,48.85303756
17-Feb-92,48.70178977
18-Feb-92,48.50012604
19-Feb-92,48.29846231
20-Feb-92,48.09679859
21-Feb-92,47.89513486
22-Feb-92,47.69347114
23-Feb-92,140.2067053
24-Feb-92,963.246786
25-Feb-92,1615.679355
26-Feb-92,880.4638266
27-Feb-92,230.5016385
28-Feb-92,49.05470129
29-Feb-92,48.85303756
1-Mar-92,48.70178977
2-Mar-92,48.50012604
3-Mar-92,48.29846231
4-Mar-92,48.09679859
5-Mar-92,47.89513486
6-Mar-92,47.69347114
7-Mar-92,47.54222334
8-Mar-92,47.34055962
9-Mar-92,47.13889589
10-Mar-92,46.93723217
11-Mar-92,46.78598437
12-Mar-92,136.5263423
13-Mar-92,172.4224855
14-Mar-92,70.38064028
15-Mar-92,46.0297454
16-Mar-92,45.82808167
17-Mar-92,45.67683388
18-Mar-92,90.64784472
19-Mar-92,108.5959163
20-Mar-92,57.27249811
21-Mar-92,44.92059491
22-Mar-92,223.6954878
23-Mar-92,295.2861104
24-Mar-92,92.51323418
25-Mar-92,44.21477187
26-Mar-92,44.06352407
27-Mar-92,43.86186035
28-Mar-92,43.71061255
29-Mar-92,43.50894883
30-Mar-92,43.35770103
31-Mar-92,43.15603731
1-Apr-92,43.00478951
2-Apr-92,42.85354172
3-Apr-92,42.65187799
4-Apr-92,42.5006302
5-Apr-92,42.29896647
6-Apr-92,42.14771868
7-Apr-92,983.6148223
8-Apr-92,1361.230149
9-Apr-92,294.7819511
10-Apr-92,41.49231157
11-Apr-92,41.29064784
12-Apr-92,162.5409629
13-Apr-92,211.0915049
14-Apr-92,73.4560121
15-Apr-92,40.63524074
16-Apr-92,40.48399294
17-Apr-92,40.33274515
18-Apr-92,40.18149735
19-Apr-92,264.3307285
20-Apr-92,354.1719183
21-Apr-92,177.6657424
22-Apr-92,148.3740862
23-Apr-92,60.24703806
24-Apr-92,39.22359466
25-Apr-92,39.07234686
26-Apr-92,38.92109907
27-Apr-92,38.76985127
28-Apr-92,38.61860348
29-Apr-92,38.46735568
30-Apr-92,38.31610789
1-May-92,38.11444416
2-May-92,37.96319637
3-May-92,37.81194858
4-May-92,37.66070078
5-May-92,37.50945299
6-May-92,37.40862112
7-May-92,37.25737333
8-May-92,37.10612554
9-May-92,36.95487774
10-May-92,36.80362995
11-May-92,36.65238215
12-May-92,36.50113436
13-May-92,36.34988656
14-May-92,44.2651878
15-May-92,47.39097555
16-May-92,38.06402823
17-May-92,149.1303252
18-May-92,194.5046635
19-May-92,65.94403832
20-May-92,35.34156794
21-May-92,35.19032014
22-May-92,35.08948828
23-May-92,34.93824048
24-May-92,34.78699269
25-May-92,34.6357449
26-May-92,34.4844971
27-May-92,34.38366524
28-May-92,34.23241744
29-May-92,34.08116965
30-May-92,33.98033779
31-May-92,33.82908999
1-Jun-92,219.0068062
2-Jun-92,293.2190572
3-Jun-92,484.9508445
4-Jun-92,596.1683892
5-Jun-92,141.164608
6-Jun-92,33.02243509
7-Jun-92,120.8469876
8-Jun-92,155.9868919
9-Jun-92,56.26417948
10-Jun-92,92.8661457
11-Jun-92,116.914545
12-Jun-92,48.44971011
13-Jun-92,32.11494832
14-Jun-92,668.9689942
15-Jun-92,2339.500882
16-Jun-92,1806.100328
17-Jun-92,961.4822284
18-Jun-92,399.1933451
19-Jun-92,72.80060499
20-Jun-92,72.09478195
21-Jun-92,529.417696
22-Jun-92,2659.490799
23-Jun-92,3716.914545
24-Jun-92,1758.205193
25-Jun-92,2442.651878
26-Jun-92,0.151247794
27-Jun-92,0.35291152
28-Jun-92,0.100831863
29-Jun-92,0
30-Jun-92,0
1-Jul-92,0.302495589
2-Jul-92,0.35291152
3-Jul-92,4530.98059
4-Jul-92,3546.357449
5-Jul-92,3026.065037
6-Jul-92,3322.30905
7-Jul-92,2376.959919
8-Jul-92,1799.949584
9-Jul-92,1577.665742
10-Jul-92,1496.042349
11-Jul-92,1072.800605
12-Jul-92,736.3750945
13-Jul-92,1940.307537
14-Jul-92,0.100831863
15-Jul-92,2146.760776
16-Jul-92,1505.218049
17-Jul-92,1868.464835
18-Jul-92,949.5336526
19-Jul-92,1259.994958
20-Jul-92,2419.561381
21-Jul-92,2026.317116
22-Jul-92,994.101336
23-Jul-92,1931.484749
24-Jul-92,2704.46181
25-Jul-92,1116.410386
26-Jul-92,1542.021679
27-Jul-92,1120.494076
28-Jul-92,609.1756995
29-Jul-92,453.3400555
30-Jul-92,315.9062264
31-Jul-92,291.6057474
1-Aug-92,269.7252332
2-Aug-92,288.8832871
3-Aug-92,2292.31157
4-Aug-92,4231.560373
5-Aug-92,2314.091253
6-Aug-92,1416.788505
7-Aug-92,2576.405344
8-Aug-92,1845.928914
9-Aug-92,3080.615074
10-Aug-92,2601.966221
11-Aug-92,2822.687169
12-Aug-92,4123.115705
13-Aug-92,3548.726998
14-Aug-92,4300.932695
15-Aug-92,2942.072095
16-Aug-92,3513.940005
17-Aug-92,0.151247794
18-Aug-92,3114.696244
19-Aug-92,4136.627174
20-Aug-92,4058.73456
21-Aug-92,0.302495589
22-Aug-92,4969.700025
23-Aug-92,5023.040081
24-Aug-92,0.100831863
25-Aug-92,0.201663726
26-Aug-92,0.151247794
27-Aug-92,0.403327451
28-Aug-92,4456.717923
29-Aug-92,3688.832871
30-Aug-92,3817.59516
31-Aug-92,3313.940005
1-Sep-92,4282.2788
2-Sep-92,2572.977061
3-Sep-92,2759.11268
4-Sep-92,2450.567179
5-Sep-92,1837.257373
6-Sep-92,1508.595916
7-Sep-92,1450.06302
8-Sep-92,1149.029493
9-Sep-92,834.9382405
10-Sep-92,696.1935972
11-Sep-92,989.7655659
12-Sep-92,874.262667
13-Sep-92,2525.737333
14-Sep-92,2229.190824
15-Sep-92,1865.691959
16-Sep-92,1528.207714
17-Sep-92,1569.195866
18-Sep-92,1764.305521
19-Sep-92,1060.650366
20-Sep-92,871.2377111
21-Sep-92,1306.07512
22-Sep-92,956.0373078
23-Sep-92,917.9732796
24-Sep-92,804.9407613
25-Sep-92,468.6160827
26-Sep-92,299.1177212
27-Sep-92,571.2629191
28-Sep-92,991.2780439
29-Sep-92,2423.745904
30-Sep-92,2480.413411
1-Oct-92,2335.114696
2-Oct-92,1392.840938
3-Oct-92,1408.822788
4-Oct-92,1832.820771
5-Oct-92,1415.427275
6-Oct-92,1635.089488
7-Oct-92,2227.375851
8-Oct-92,1914.343332
9-Oct-92,1771.817494
10-Oct-92,1376.859087
11-Oct-92,799.3950088
12-Oct-92,704.5122259
13-Oct-92,661.7091001
14-Oct-92,620.1159566
15-Oct-92,482.8837913
16-Oct-92,385.9339551
17-Oct-92,563.4484497
18-Oct-92,419.6117973
19-Oct-92,298.4623141
20-Oct-92,276.9851273
21-Oct-92,257.9279052
22-Oct-92,240.1310814
23-Oct-92,223.3929922
24-Oct-92,208.822788
25-Oct-92,243.1560373
26-Oct-92,249.8613562
27-Oct-92,185.1777162
28-Oct-92,179.0269725
29-Oct-92,177.5144946
30-Oct-92,150.9957146
31-Oct-92,142.8787497
1-Nov-92,142.677086
2-Nov-92,142.3241744
3-Nov-92,141.9712629
4-Nov-92,140.8621124
5-Nov-92,157.8018654
6-Nov-92,166.4734056
7-Nov-92,148.1724225
8-Nov-92,510.2092261
9-Nov-92,1221.779682
10-Nov-92,1316.309554
11-Nov-92,519.2336778
12-Nov-92,506.3271994
13-Nov-92,416.5364255
14-Nov-92,572.9266448
15-Nov-92,392.3871944
16-Nov-92,353.7685909
17-Nov-92,960.1714142
18-Nov-92,3598.487522
19-Nov-92,3178.371565
20-Nov-92,2313.13335
21-Nov-92,2984.875221
22-Nov-92,0.302495589
23-Nov-92,0.453743383
24-Nov-92,4496.294429
25-Nov-92,2845.071843
26-Nov-92,1802.419965
27-Nov-92,1654.14671
28-Nov-92,1070.078145
29-Nov-92,986.1356189
30-Nov-92,1025.258382
1-Dec-92,714.1920847
2-Dec-92,589.8159819
3-Dec-92,761.9359718
4-Dec-92,520.0907487
5-Dec-92,621.7292664
6-Dec-92,573.3299723
7-Dec-92,347.8699269
8-Dec-92,321.0486514
9-Dec-92,296.5969246
10-Dec-92,454.7012856
11-Dec-92,508.3438367
12-Dec-92,486.3624905
13-Dec-92,224.250063
14-Dec-92,210.4360978
15-Dec-92,196.5717167
16-Dec-92,343.1308293
17-Dec-92,342.1729266
18-Dec-92,227.3758508
19-Dec-92,153.7181749
20-Dec-92,146.0549534
21-Dec-92,144.1895639
22-Dec-92,142.5762541
23-Dec-92,141.0637762
24-Dec-92,141.0133602
25-Dec-92,141.4166877
26-Dec-92,141.920847
27-Dec-92,142.0720948
28-Dec-92,377.7665742
29-Dec-92,387.5976809
30-Dec-92,570.7083438
31-Dec-92,577.968238
1-Jan-93,1938.795059
2-Jan-93,3429.644568
3-Jan-93,4584.320645
4-Jan-93,4381.951097
5-Jan-93,2406.604487
6-Jan-93,1722.460297
7-Jan-93,1306.730527
8-Jan-93,1459.440383
9-Jan-93,1882.581296
10-Jan-93,3418.653895
11-Jan-93,2426.165868
12-Jan-93,1315.704563
13-Jan-93,1353.1636
14-Jan-93,1096.546509
15-Jan-93,1030.299975
16-Jan-93,1165.313839
17-Jan-93,1423.040081
18-Jan-93,1793.093017
19-Jan-93,1398.537938
20-Jan-93,960.6251575
21-Jan-93,822.5359214
22-Jan-93,566.6750693
23-Jan-93,500.9326947
24-Jan-93,275.3214016
25-Jan-93,3034.383665
26-Jan-93,0.252079657
27-Jan-93,5026.216284
28-Jan-93,3078.648853
29-Jan-93,3109.654651
30-Jan-93,2539.551298
31-Jan-93,2402.117469
1-Feb-93,1319.233678
2-Feb-93,1257.020418
3-Feb-93,1432.266196
4-Feb-93,1161.330981
5-Feb-93,1077.842198
6-Feb-93,769.3471137
7-Feb-93,1287.269977
8-Feb-93,469.120242
9-Feb-93,410.1336022
10-Feb-93,456.3145954
11-Feb-93,1205.243257
12-Feb-93,342.4250063
13-Feb-93,697.8573229
14-Feb-93,517.7716158
15-Feb-93,571.5654147
16-Feb-93,530.9805899
17-Feb-93,843.6097807
18-Feb-93,1414.973532
19-Feb-93,680.5646584
20-Feb-93,216.1330981
21-Feb-93,420.6705319
22-Feb-93,1384.471893
23-Feb-93,2271.187295
24-Feb-93,984.0181497
25-Feb-93,705.4701286
26-Feb-93,789.5639022
27-Feb-93,995.7650618
28-Feb-93,1019.712629
1-Mar-93,1122.914041
2-Mar-93,653.642551
3-Mar-93,842.8535417
4-Mar-93,1680.564658
5-Mar-93,504.2097303
6-Mar-93,596.8237963
7-Mar-93,354.2223343
8-Mar-93,547.3657676
9-Mar-93,437.509453
10-Mar-93,379.3294681
11-Mar-93,276.0776405
12-Mar-93,259.8941265
13-Mar-93,245.2230905
14-Mar-93,665.8432065
15-Mar-93,831.9637005
16-Mar-93,1853.188808
17-Mar-93,723.2165364
18-Mar-93,2473.909755
19-Mar-93,0.201663726
20-Mar-93,2731.031006
21-Mar-93,0.050415931
22-Mar-93,0.35291152
23-Mar-93,0.201663726
24-Mar-93,0.453743383
25-Mar-93,0.100831863
26-Mar-93,0.403327451
27-Mar-93,0.252079657
28-Mar-93,3155.432317
29-Mar-93,3578.522813
30-Mar-93,2599.042097
31-Mar-93,1988.001008
1-Apr-93,2505.923872
2-Apr-93,1003.327451
3-Apr-93,1606.906983
4-Apr-93,1209.226115
5-Apr-93,1323.67028
6-Apr-93,1598.689186
7-Apr-93,1139.500882
8-Apr-93,1087.673305
9-Apr-93,825.6112932
10-Apr-93,763.8013612
11-Apr-93,732.7955634
12-Apr-93,491.3032518
13-Apr-93,342.9291656
14-Apr-93,321.7544744
15-Apr-93,580.2369549
16-Apr-93,676.5817998
17-Apr-93,347.9203428
18-Apr-93,259.1883035
19-Apr-93,246.6347366
20-Apr-93,235.0894883
21-Apr-93,223.6450718
22-Apr-93,212.7552307
23-Apr-93,202.0670532
24-Apr-93,192.9417696
25-Apr-93,386.0852029
26-Apr-93,189.1101588
27-Apr-93,186.1356189
28-Apr-93,191.3788757
29-Apr-93,189.1605747
30-Apr-93,187.2447693
1-May-93,187.3456012
2-May-93,187.5976809
3-May-93,187.4464331
4-May-93,185.7322914
5-May-93,182.6569196
6-May-93,179.7327956
7-May-93,175.5482733
8-May-93,170.0025208
9-May-93,169.4983615
10-May-93,119.4857575
11-May-93,69.47315352
12-May-93,69.22107386
13-May-93,68.91857827
14-May-93,68.66649861
15-May-93,68.36400302
16-May-93,68.11192337
17-May-93,67.85984371
18-May-93,67.55734812
19-May-93,187.2447693
20-May-93,235.0894883
21-May-93,99.01688934
22-May-93,66.49861356
23-May-93,66.2465339
24-May-93,65.94403832
25-May-93,65.69195866
26-May-93,65.439879
27-May-93,76.38013612
28-May-93,80.66549029
29-May-93,67.65817998
30-May-93,64.38114444
31-May-93,819.8134611
1-Jun-93,1122.762793
2-Jun-93,266.7506932
3-Jun-93,63.37282581
4-Jun-93,849.0042854
5-Jun-93,1455.507941
6-Jun-93,682.329216
7-Jun-93,140.7108646
8-Jun-93,62.11242753
9-Jun-93,61.86034787
10-Jun-93,61.60826821
11-Jun-93,61.40660449
12-Jun-93,61.15452483
13-Jun-93,60.90244517
14-Jun-93,692.614066
15-Jun-93,945.9037056
16-Jun-93,230.0478951
17-Jun-93,59.94454248
18-Jun-93,59.69246282
19-Jun-93,59.44038316
20-Jun-93,59.1883035
21-Jun-93,180.5898664
22-Jun-93,767.9354676
23-Jun-93,846.0801613
24-Jun-93,1115.553315
25-Jun-93,2024.602975
26-Jun-93,2054.902949
27-Jun-93,1013.713133
28-Jun-93,2072.901437
29-Jun-93,511.0662969
30-Jun-93,1137.030502
1-Jul-93,1216.687673
2-Jul-93,1756.390219
3-Jul-93,2064.179481
4-Jul-93,1049.962188
5-Jul-93,2525.384421
6-Jul-93,3874.96849
7-Jul-93,4266.549029
8-Jul-93,3067.456516
9-Jul-93,2687.068314
10-Jul-93,2623.241744
11-Jul-93,1461.96118
12-Jul-93,1134.862617
13-Jul-93,1303.10058
14-Jul-93,1661.507436
15-Jul-93,1305.923872
16-Jul-93,1395.512982
17-Jul-93,911.77212
18-Jul-93,917.2170406
19-Jul-93,859.4907991
20-Jul-93,596.0171414
21-Jul-93,392.4880262
22-Jul-93,475.5734812
23-Jul-93,750.4411394
24-Jul-93,657.5245778
25-Jul-93,713.5870935
26-Jul-93,1488.278296
27-Jul-93,797.1767078
28-Jul-93,1125.787749
29-Jul-93,1466.095286
30-Jul-93,730.6276783
31-Jul-93,404.8903453
1-Aug-93,393.9500882
2-Aug-93,778.6236451
3-Aug-93,640.8873204
4-Aug-93,410.9906731
5-Aug-93,203.8820267
6-Aug-93,129.6193597
7-Aug-93,117.3178724
8-Aug-93,106.1255357
9-Aug-93,99.1177212
10-Aug-93,91.20241996
11-Aug-93,79.45550794
12-Aug-93,74.262667
13-Aug-93,73.96017141
14-Aug-93,73.65767583
15-Aug-93,169.5487774
16-Aug-93,207.8648853
17-Aug-93,98.66397782
18-Aug-93,72.4981094
19-Aug-93,72.19561381
20-Aug-93,71.89311823
21-Aug-93,71.64103857
22-Aug-93,225.006302
23-Aug-93,286.4129065
24-Aug-93,112.0746156
25-Aug-93,1008.570708
26-Aug-93,972.0191581
27-Aug-93,814.4189564
28-Aug-93,1420.015125
29-Aug-93,1829.140408
30-Aug-93,2239.475674
31-Aug-93,2225.207966
1-Sep-93,1341.416688
2-Sep-93,1237.005294
3-Sep-93,1237.257373
4-Sep-93,1128.409377
5-Sep-93,1068.918578
6-Sep-93,960.6755735
7-Sep-93,2190.8243
8-Sep-93,1016.990169
9-Sep-93,570.4562642
10-Sep-93,437.9631964
11-Sep-93,360.7764053
12-Sep-93,532.8963953
13-Sep-93,1031.459541
14-Sep-93,1254.701286
15-Sep-93,1669.725233
16-Sep-93,1093.269473
17-Sep-93,648.9538694
18-Sep-93,621.9309302
19-Sep-93,638.3161079
20-Sep-93,670.1789766
21-Sep-93,635.996975
22-Sep-93,564.7592639
23-Sep-93,220.3176204
24-Sep-93,74.11141921
25-Sep-93,73.85933955
26-Sep-93,301.3864381
27-Sep-93,651.6259138
28-Sep-93,542.3241744
29-Sep-93,1343.735821
30-Sep-93,2450.214268
1-Oct-93,1002.823292
2-Oct-93,1214.166877
3-Oct-93,912.5787749
4-Oct-93,1412.805647
5-Oct-93,2341.01336
6-Oct-93,3041.492312
7-Oct-93,0.151247794
8-Oct-93,4589.412654
9-Oct-93,3818.95639
10-Oct-93,4337.484245
11-Oct-93,4778.472397
12-Oct-93,3240.483993
13-Oct-93,2615.074363
14-Oct-93,3349.281573
15-Oct-93,0.252079657
16-Oct-93,4088.984119
17-Oct-93,3883.690446
18-Oct-93,3850.567179
19-Oct-93,2949.93698
20-Oct-93,2585.833123
21-Oct-93,1790.8243
22-Oct-93,1482.379632
23-Oct-93,786.8918578
24-Oct-93,1139.047139
25-Oct-93,1476.027225
26-Oct-93,1185.328964
27-Oct-93,2147.416184
28-Oct-93,1048.752206
29-Oct-93,876.6322158
30-Oct-93,1163.19637
31-Oct-93,674.0610033
1-Nov-93,487.522057
2-Nov-93,262.8182506
3-Nov-93,226.6700277
4-Nov-93,205.142425
5-Nov-93,185.5810436
6-Nov-93,167.9354676
7-Nov-93,151.9536173
8-Nov-93,137.484245
9-Nov-93,124.4265188
10-Nov-93,112.5787749
11-Nov-93,101.8401815
12-Nov-93,92.16032266
13-Nov-93,83.38795059
14-Nov-93,75.47264936
15-Nov-93,74.11141921
16-Nov-93,73.85933955
17-Nov-93,73.55684396
18-Nov-93,73.25434837
19-Nov-93,72.95185279
20-Nov-93,72.6493572
21-Nov-93,96.79858835
22-Nov-93,106.2767835
23-Nov-93,78.34635745
24-Nov-93,71.48979077
25-Nov-93,1610.940257
26-Nov-93,3997.126292
27-Nov-93,1566.725485
28-Nov-93,1026.014621
29-Nov-93,968.3387951
30-Nov-93,309.7050668
1-Dec-93,436.6019662
2-Dec-93,204.9407613
3-Dec-93,423.5946559
4-Dec-93,371.1620872
5-Dec-93,127.0985631
6-Dec-93,115.8558104
7-Dec-93,333.5518024
8-Dec-93,94.52987144
9-Dec-93,85.20292412
10-Dec-93,77.08595916
11-Dec-93,270.3302244
12-Dec-93,73.90975548
13-Dec-93,77.23720696
14-Dec-93,76.83387951
15-Dec-93,73.00226872
16-Dec-93,72.75018906
17-Dec-93,73.50642803
18-Dec-93,72.14519788
19-Dec-93,71.84270229
20-Dec-93,71.59062264
21-Dec-93,71.28812705
22-Dec-93,70.98563146
23-Dec-93,622.5359214
24-Dec-93,843.6601966
25-Dec-93,218.5026468
26-Dec-93,69.87648097
27-Dec-93,69.57398538
28-Dec-93,69.32190572
29-Dec-93,69.01941013
30-Dec-93,68.76733048
31-Dec-93,68.51525082
1-Jan-94,436.3498866
2-Jan-94,583.816486
3-Jan-94,760.5747416
4-Jan-94,321.2503151
5-Jan-94,67.15402067
6-Jan-94,66.85152508
7-Jan-94,66.59944542
8-Jan-94,276.9851273
9-Jan-94,149.0294933
10-Jan-94,254.8525334
11-Jan-94,1541.971263
12-Jan-94,1106.881775
13-Jan-94,948.1220066
14-Jan-94,1429.947063
15-Jan-94,649.1051172
16-Jan-94,475.4726494
17-Jan-94,853.2392236
18-Jan-94,1627.224603
19-Jan-94,532.5938997
20-Jan-94,407.2094782
21-Jan-94,767.9858835
22-Jan-94,508.4446685
23-Jan-94,166.0196622
24-Jan-94,148.8782455
25-Jan-94,364.2046887
26-Jan-94,292.4628183
27-Jan-94,120.0907487
28-Jan-94,354.2223343
29-Jan-94,352.0040333
30-Jan-94,409.0244517
31-Jan-94,587.7489287
1-Feb-94,1377.262415
2-Feb-94,4196.571717
3-Feb-94,2745.399546
4-Feb-94,2080.413411
5-Feb-94,1318.477439
6-Feb-94,1270.8848
7-Feb-94,732.7451475
8-Feb-94,362.1376355
9-Feb-94,327.6531384
10-Feb-94,388.7572473
11-Feb-94,612.5535669
12-Feb-94,1072.800605
13-Feb-94,1138.593396
14-Feb-94,1865.389463
15-Feb-94,839.0219309
16-Feb-94,2296.546509
17-Feb-94,4340.206705
18-Feb-94,0.100831863
19-Feb-94,0.100831863
20-Feb-94,4676.228888
21-Feb-94,4204.33577
22-Feb-94,3913.183766
23-Feb-94,2901.386438
24-Feb-94,2346.659945
25-Feb-94,2024.754222
26-Feb-94,1815.427275
27-Feb-94,1744.895387
28-Feb-94,1131.535165
1-Mar-94,610.2344341
2-Mar-94,2064.532392
3-Mar-94,3293.168641
4-Mar-94,1728.812705
5-Mar-94,1436.954878
6-Mar-94,898.9664734
7-Mar-94,466.5994454
8-Mar-94,612.7048147
9-Mar-94,312.5787749
10-Mar-94,875.4726494
11-Mar-94,567.2296446
12-Mar-94,229.2412402
13-Mar-94,207.4111419
14-Mar-94,187.6985127
15-Mar-94,169.8008571
16-Mar-94,155.9868919
17-Mar-94,139.0471389
18-Mar-94,126.493572
19-Mar-94,113.8391732
20-Mar-94,102.9997479
21-Mar-94,93.21905722
22-Mar-94,324.5273506
23-Mar-94,412.9064784
24-Mar-94,138.7446433
25-Mar-94,73.85933955
26-Mar-94,73.55684396
27-Mar-94,281.2704815
28-Mar-94,364.4567683
29-Mar-94,215.1751954
30-Mar-94,193.6980086
31-Mar-94,335.4171918
1-Apr-94,71.84270229
2-Apr-94,71.54020671
3-Apr-94,71.23771112
4-Apr-94,314.0912528
5-Apr-94,70.68313587
6-Apr-94,70.43105621
7-Apr-94,70.12856063
8-Apr-94,69.82606504
9-Apr-94,69.57398538
10-Apr-94,69.27148979
11-Apr-94,71.38895891
12-Apr-94,68.71691454
13-Apr-94,103.8568188
14-Apr-94,117.7716158
15-Apr-94,77.43887068
16-Apr-94,67.65817998
17-Apr-94,67.3556844
18-Apr-94,67.10360474
19-Apr-94,271.288127
20-Apr-94,1015.578523
21-Apr-94,1309.150492
22-Apr-94,2388.656415
23-Apr-94,1134.207209
24-Apr-94,1858.028737
25-Apr-94,2221.225107
26-Apr-94,1081.421729
27-Apr-94,1428.13209
28-Apr-94,2992.135115
29-Apr-94,909.6042349
30-Apr-94,530.0731031
1-May-94,282.7829594
2-May-94,285.0516763
3-May-94,591.1267961
4-May-94,2871.792286
5-May-94,1880.91757
6-May-94,1063.776153
7-May-94,782.8585833
8-May-94,718.6286867
9-May-94,670.9352155
10-May-94,802.1174691
11-May-94,789.9168137
12-May-94,847.9959667
13-May-94,432.2157802
14-May-94,212.9568944
15-May-94,60.24703806
16-May-94,59.99495841
17-May-94,59.74287875
18-May-94,518.5782707
19-May-94,1832.820771
20-May-94,3215.225611
21-May-94,1528.963953
22-May-94,488.1774641
23-May-94,483.085455
24-May-94,340.3579531
25-May-94,165.9692463
26-May-94,104.9659692
27-May-94,67.55734812
28-May-94,67.30526846
29-May-94,67.00277288
30-May-94,233.82909
31-May-94,939.1479708
1-Jun-94,892.614066
2-Jun-94,2393.345097
3-Jun-94,3396.672549
4-Jun-94,3166.624653
5-Jun-94,2992.034283
6-Jun-94,2834.837409
7-Jun-94,2409.226115
8-Jun-94,4014.36854
9-Jun-94,4096.042349
10-Jun-94,3769.347114
11-Jun-94,3892.31157
12-Jun-94,3531.585581
13-Jun-94,2426.2667
14-Jun-94,2152.91152
15-Jun-94,1565.112175
16-Jun-94,1353.819007
17-Jun-94,2417.645576
18-Jun-94,0
19-Jun-94,4087.421225
20-Jun-94,3170.657928
21-Jun-94,2515.301235
22-Jun-94,2378.421981
23-Jun-94,2118.074111
24-Jun-94,1874.010587
25-Jun-94,1465.591127
26-Jun-94,1411.041089
27-Jun-94,1756.188556
28-Jun-94,1625.661709
29-Jun-94,1149.6849
30-Jun-94,1451.474666
1-Jul-94,1880.211747
2-Jul-94,1831.862869
3-Jul-94,1857.171666
4-Jul-94,3641.794807
5-Jul-94,0.403327451
6-Jul-94,4432.417444
7-Jul-94,3397.983363
8-Jul-94,2505.82304
9-Jul-94,2216.536426
10-Jul-94,1950.642803
11-Jul-94,1256.0121
12-Jul-94,1546.155785
13-Jul-94,1010.789009
14-Jul-94,1159.364759
15-Jul-94,970.9100076
16-Jul-94,579.5311318
17-Jul-94,440.3327451
18-Jul-94,620.9226115
19-Jul-94,436.0978069
20-Jul-94,1244.870179
21-Jul-94,1603.831611
22-Jul-94,729.6193597
23-Jul-94,476.9851273
24-Jul-94,711.6712881
25-Jul-94,816.3347618
26-Jul-94,463.0199143
27-Jul-94,243.3072851
28-Jul-94,831.6612049
29-Jul-94,1261.507436
30-Jul-94,1067.053189
31-Jul-94,760.6251575
1-Aug-94,786.4885304
2-Aug-94,597.9329468
3-Aug-94,413.5114696
4-Aug-94,372.069574
5-Aug-94,356.4910512
6-Aug-94,575.0441139
7-Aug-94,1585.530628
8-Aug-94,1399.294177
9-Aug-94,1493.622385
10-Aug-94,1410.940257
11-Aug-94,869.6748172
12-Aug-94,1049.659692
13-Aug-94,1349.987396
14-Aug-94,1961.734308
15-Aug-94,3537.131334
16-Aug-94,1743.382909
17-Aug-94,1565.91883
18-Aug-94,1530.173935
19-Aug-94,2116.10789
20-Aug-94,1516.007058
21-Aug-94,1593.093017
22-Aug-94,1989.311823
23-Aug-94,1328.207714
24-Aug-94,1611.847744
25-Aug-94,792.5384421
26-Aug-94,1177.211999
27-Aug-94,1711.872952
28-Aug-94,2359.011848
29-Aug-94,2324.275271
30-Aug-94,1692.714898
31-Aug-94,1552.65944
1-Sep-94,1675.422233
2-Sep-94,1152.861104
3-Sep-94,737.0809176
4-Sep-94,918.6791026
5-Sep-94,643.1056214
6-Sep-94,548.1220066
7-Sep-94,748.8278296
8-Sep-94,522.05697
9-Sep-94,750.3907235
10-Sep-94,597.2775397
11-Sep-94,1259.087472
12-Sep-94,2325.838165
13-Sep-94,4041.794807
14-Sep-94,5037.05571
15-Sep-94,3065.540711
16-Sep-94,4848.399294
17-Sep-94,3127.199395
18-Sep-94,2529.316864
19-Sep-94,2658.079153
20-Sep-94,4298.311066
21-Sep-94,0.252079657
22-Sep-94,4324.224855
23-Sep-94,2554.928157
24-Sep-94,4815.023948
25-Sep-94,0
26-Sep-94,4787.496849
27-Sep-94,4080.161331
28-Sep-94,3304.310562
29-Sep-94,2673.456012
30-Sep-94,3960.47391
1-Oct-94,4511.167129
2-Oct-94,4978.169902
3-Oct-94,3727.199395
4-Oct-94,1890.244517
5-Oct-94,2438.820267
6-Oct-94,2162.08722
7-Oct-94,1874.111419
8-Oct-94,1493.521553
9-Oct-94,1448.147215
10-Oct-94,1402.319133
11-Oct-94,1599.596673
12-Oct-94,1839.626922
13-Oct-94,1296.949836
14-Oct-94,1276.077641
15-Oct-94,1263.32241
16-Oct-94,853.692967
17-Oct-94,375.4474414
18-Oct-94,370.1537686
19-Oct-94,491.8074111
20-Oct-94,294.2777918
21-Oct-94,196.5213007
22-Oct-94,177.8169902
23-Oct-94,160.8772372
24-Oct-94,145.60121
25-Oct-94,131.7368288
26-Oct-94,144.9458029
27-Oct-94,143.9374842
28-Oct-94,104.5122259
29-Oct-94,352.961936
30-Oct-94,637.7111167
31-Oct-94,1849.558861
1-Nov-94,437.8119486
2-Nov-94,638.6690194
3-Nov-94,146.7103605
4-Nov-94,634.7869927
5-Nov-94,88.17746408
6-Nov-94,532.9468112
7-Nov-94,318.8807663
8-Nov-94,163.952609
9-Nov-94,89.3370305
10-Nov-94,71.79228636
11-Nov-94,654.4492059
12-Nov-94,546.5591127
13-Nov-94,1590.925132
14-Nov-94,2060.09579
15-Nov-94,2852.432569
16-Nov-94,0.201663726
17-Nov-94,0.35291152
18-Nov-94,0.453743383
19-Nov-94,3572.069574
20-Nov-94,3750.592387
21-Nov-94,2789.765566
22-Nov-94,2520.342828
23-Nov-94,2294.277792
24-Nov-94,1879.55634
25-Nov-94,1136.778422
26-Nov-94,1118.880766
27-Nov-94,1149.785732
28-Nov-94,970.5066801
29-Nov-94,325.6365011
30-Nov-94,699.3698009
1-Dec-94,2432.972019
2-Dec-94,0.151247794
3-Dec-94,3610.234434
4-Dec-94,3141.618351
5-Dec-94,3722.712377
6-Dec-94,2023.342576
7-Dec-94,1725.081926
8-Dec-94,2263.473658
9-Dec-94,2700.176456
10-Dec-94,1776.758256
11-Dec-94,1472.699773
12-Dec-94,1240.231913
13-Dec-94,1185.480212
14-Dec-94,1497.252332
15-Dec-94,743.7862365
16-Dec-94,869.5235694
17-Dec-94,775.1449458
18-Dec-94,642.8535417
19-Dec-94,787.4464331
20-Dec-94,1759.465591
21-Dec-94,0.252079657
22-Dec-94,0.403327451
23-Dec-94,0.201663726
24-Dec-94,4035.089488
25-Dec-94,3360.423494
26-Dec-94,2713.687925
27-Dec-94,1485.00126
28-Dec-94,1162.692211
29-Dec-94,1494.882783
30-Dec-94,1713.335014
31-Dec-94,1224.65339
1-Jan-95,1101.436854
2-Jan-95,874.7668263
3-Jan-95,950.1890597
4-Jan-95,639.3244265
5-Jan-95,594.5046635
6-Jan-95,785.0768843
7-Jan-95,646.7859844
8-Jan-95,565.7171666
9-Jan-95,571.1116713
10-Jan-95,539.3496345
11-Jan-95,602.5207966
12-Jan-95,489.4378624
13-Jan-95,1230.501639
14-Jan-95,530.879758
15-Jan-95,1469.775649
16-Jan-95,2194.504663
17-Jan-95,2150.693219
18-Jan-95,417.4439123
19-Jan-95,163.7509453
20-Jan-95,515.7045626
21-Jan-95,624.300479
22-Jan-95,352.3065289
23-Jan-95,345.1474666
24-Jan-95,341.0133602
25-Jan-95,420.2672044
26-Jan-95,356.0373078
27-Jan-95,413.5114696
28-Jan-95,279.1025964
29-Jan-95,73.75850769
30-Jan-95,492.4124023
31-Jan-95,513.7383413
1-Feb-95,152.4073607
2-Feb-95,72.59894127
3-Feb-95,76.07764053
4-Feb-95,525.7877489
5-Feb-95,168.8429544
6-Feb-95,71.43937484
7-Feb-95,71.13687925
8-Feb-95,70.8847996
9-Feb-95,70.58230401
10-Feb-95,70.27980842
11-Feb-95,70.02772876
12-Feb-95,69.72523317
13-Feb-95,482.6317116
14-Feb-95,648.550542
15-Feb-95,729.8210234
16-Feb-95,195.2609024
17-Feb-95,68.36400302
18-Feb-95,68.11192337
19-Feb-95,67.80942778
20-Feb-95,1615.528107
21-Feb-95,1292.966978
22-Feb-95,420.3176204
23-Feb-95,66.75069322
24-Feb-95,66.49861356
25-Feb-95,66.19611797
26-Feb-95,65.94403832
27-Feb-95,130.2243509
28-Feb-95,385.8331233
1-Mar-95,889.2866146
2-Mar-95,158.2556088
3-Mar-95,284.6987648
4-Mar-95,64.38114444
5-Mar-95,64.12906478
6-Mar-95,63.87698513
7-Mar-95,63.62490547
8-Mar-95,1140.357953
9-Mar-95,622.3846736
10-Mar-95,149.4832367
11-Mar-95,67.80942778
12-Mar-95,69.120242
13-Mar-95,819.1580539
14-Mar-95,338.7446433
15-Mar-95,80.21174691
16-Mar-95,687.1691454
17-Mar-95,2408.419461
18-Mar-95,1344.844971
19-Mar-95,1933.400555
20-Mar-95,1324.376103
21-Mar-95,282.0267204
22-Mar-95,63.37282581
23-Mar-95,165.0113436
24-Mar-95,309.6546509
25-Mar-95,62.81825057
26-Mar-95,64.4819763
27-Mar-95,65.33904714
28-Mar-95,76.83387951
29-Mar-95,61.60826821
30-Mar-95,61.35618856
31-Mar-95,61.1041089
1-Apr-95,60.85202924
2-Apr-95,361.9359718
3-Apr-95,482.5812957
4-Apr-95,141.164608
5-Apr-95,177.0607512
6-Apr-95,354.2727502
7-Apr-95,388.4043358
8-Apr-95,328.5606252
9-Apr-95,314.696244
10-Apr-95,245.7272498
11-Apr-95,66.04487018
12-Apr-95,58.23040081
13-Apr-95,60.39828586
14-Apr-95,57.77665742
15-Apr-95,57.5749937
16-Apr-95,57.32291404
17-Apr-95,57.12125032
18-Apr-95,56.86917066
19-Apr-95,56.617091
20-Apr-95,59.94454248
21-Apr-95,56.21376355
22-Apr-95,55.96168389
23-Apr-95,55.76002017
24-Apr-95,55.50794051
25-Apr-95,55.30627678
26-Apr-95,55.05419713
27-Apr-95,54.8525334
28-Apr-95,54.65086967
29-Apr-95,54.39879002
30-Apr-95,216.3347618
1-May-95,281.1192337
2-May-95,97.3531636
3-May-95,53.54171918
4-May-95,77.84219813
5-May-95,87.47164104
6-May-95,59.49079909
7-May-95,52.68464835
8-May-95,52.48298462
9-May-95,52.2813209
10-May-95,52.07965717
11-May-95,51.87799345
12-May-95,51.67632972
13-May-95,51.47466599
14-May-95,51.27300227
15-May-95,51.07133854
16-May-95,51.07133854
17-May-95,50.61759516
18-May-95,50.41593143
19-May-95,50.21426771
20-May-95,50.01260398
21-May-95,435.7953113
22-May-95,590.471389
23-May-95,235.8457272
24-May-95,165.0617595
25-May-95,71.28812705
26-May-95,48.85303756
27-May-95,48.65137383
28-May-95,48.44971011
29-May-95,48.24804638
30-May-95,48.09679859
31-May-95,47.89513486
1-Jun-95,47.69347114
2-Jun-95,47.49180741
3-Jun-95,47.29014369
4-Jun-95,950.7940509
5-Jun-95,1514.696244
6-Jun-95,572.069574
7-Jun-95,100.731031
8-Jun-95,46.38265692
9-Jun-95,46.18099319
10-Jun-95,46.0297454
11-Jun-95,45.82808167
12-Jun-95,45.62641795
13-Jun-95,45.47517015
14-Jun-95,45.27350643
15-Jun-95,45.0718427
16-Jun-95,44.92059491
17-Jun-95,44.71893118
18-Jun-95,44.56768339
19-Jun-95,44.36601966
20-Jun-95,63.42324174
21-Jun-95,70.93521553
22-Jun-95,49.00428535
23-Jun-95,597.9833627
24-Jun-95,1362.843459
25-Jun-95,1094.025712
26-Jun-95,1032.114948
27-Jun-95,138.240484
28-Jun-95,787.496849
29-Jun-95,314.8979077
30-Jun-95,218.9563902
1-Jul-95,491.2528359
2-Jul-95,699.7227124
3-Jul-95,384.4718931
4-Jul-95,359.1126796
5-Jul-95,384.6735568
6-Jul-95,141.3158558
7-Jul-95,41.44189564
8-Jul-95,41.13940005
9-Jul-95,40.98815226
10-Jul-95,40.78648853
11-Jul-95,40.63524074
12-Jul-95,40.48399294
13-Jul-95,267.2044366
14-Jul-95,902.9997479
15-Jul-95,39.97983363
16-Jul-95,39.82858583
17-Jul-95,653.0375599
18-Jul-95,988.5051676
19-Jul-95,553.5669271
20-Jul-95,500.8822788
21-Jul-95,341.920847
22-Jul-95,251.1721704
23-Jul-95,623.8971515
24-Jul-95,774.7920343
25-Jul-95,903.6047391
26-Jul-95,2893.723217
27-Jul-95,3148.172422
28-Jul-95,1330.526846
29-Jul-95,1451.273002
30-Jul-95,1084.698765
31-Jul-95,2148.021175
1-Aug-95,3372.422486
2-Aug-95,4415.124779
3-Aug-95,0.453743383
4-Aug-95,0.302495589
5-Aug-95,4138.139652
6-Aug-95,2737.030502
7-Aug-95,2486.160827
8-Aug-95,1613.309806
9-Aug-95,2012.956894
10-Aug-95,4655.306277
11-Aug-95,4769.851273
12-Aug-95,4957.146458
13-Aug-95,3952.760272
14-Aug-95,2808.520292
15-Aug-95,2440.383161
16-Aug-95,951.43
17-Aug-95,814.46
18-Aug-95,460.85
19-Aug-95,489.83
20-Aug-95,589.02
21-Aug-95,1636.29
22-Aug-95,1570.6
23-Aug-95,1680.88
24-Aug-95,6086.87
25-Aug-95,6423.44
26-Aug-95,5728.7
27-Aug-95,4389.97
28-Aug-95,3566.97
29-Aug-95,3164.81
30-Aug-95,2375.81
31-Aug-95,2955.76
1-Sep-95,3204.65
2-Sep-95,2839.64
3-Sep-95,2771.84
4-Sep-95,2000.75
5-Sep-95,1804.79
6-Sep-95,2549.34
7-Sep-95,2536.17
8-Sep-95,1939.52
9-Sep-95,1847.26
10-Sep-95,1661.7
11-Sep-95,2326.86
12-Sep-95,2380.28
13-Sep-95,2027.34
14-Sep-95,1572.79
15-Sep-95,1614.11
16-Sep-95,1034.8
17-Sep-95,1047.67
18-Sep-95,553.22
19-Sep-95,404.36
20-Sep-95,148.94
21-Sep-95,69.72
22-Sep-95,74.91
23-Sep-95,79.33
24-Sep-95,112.75
25-Sep-95,647.41
26-Sep-95,937.11
27-Sep-95,448.48
28-Sep-95,1539.54
29-Sep-95,1948.34
30-Sep-95,623.2
1-Oct-95,459
2-Oct-95,2366.49
3-Oct-95,3683.68
4-Oct-95,3099.81
5-Oct-95,2332.09
6-Oct-95,3975.59
7-Oct-95,2926.92
8-Oct-95,2249.09
9-Oct-95,3322.97
10-Oct-95,4204.41
11-Oct-95,4144.27
12-Oct-95,2745.91
13-Oct-95,2592.69
14-Oct-95,2986.42
15-Oct-95,3863.71
16-Oct-95,3279.64
17-Oct-95,5493.39
18-Oct-95,8402.77
19-Oct-95,7507.79
20-Oct-95,6790.27
21-Oct-95,6193.36
22-Oct-95,5203.45
23-Oct-95,4338.7
24-Oct-95,3450.19
25-Oct-95,3031.79
26-Oct-95,2018.27
27-Oct-95,1855.5
28-Oct-95,1538.42
29-Oct-95,1323.13
30-Oct-95,431.4
31-Oct-95,70.88
1-Nov-95,75.97
2-Nov-95,376.04
3-Nov-95,301.95
4-Nov-95,85.86
5-Nov-95,74.02
6-Nov-95,543.32
7-Nov-95,82.95
8-Nov-95,80.77
9-Nov-95,68.56
10-Nov-95,86.13
11-Nov-95,173.38
12-Nov-95,255.92
13-Nov-95,640.46
14-Nov-95,18.97
15-Nov-95,19.19
16-Nov-95,18.74
17-Nov-95,18.94
18-Nov-95,19.25
19-Nov-95,19.38
20-Nov-95,19.44
21-Nov-95,19.24
22-Nov-95,18.71
23-Nov-95,19.23
24-Nov-95,21.51
25-Nov-95,21.53
26-Nov-95,20.61
27-Nov-95,21.25
28-Nov-95,20.43
29-Nov-95,21.62
30-Nov-95,20.16
1-Dec-95,20.59
2-Dec-95,21.44
3-Dec-95,21.75
4-Dec-95,19.81
5-Dec-95,15.74
6-Dec-95,15.4
7-Dec-95,15.97
8-Dec-95,14.74
9-Dec-95,14.97
10-Dec-95,14.34
11-Dec-95,11.41
12-Dec-95,12.04
13-Dec-95,12.09
14-Dec-95,13.12
15-Dec-95,13.72
16-Dec-95,13.83
17-Dec-95,12.14
18-Dec-95,13.7
19-Dec-95,13.66
20-Dec-95,14.17
21-Dec-95,14.54
22-Dec-95,15.32
23-Dec-95,18.17
24-Dec-95,15.19
25-Dec-95,12.99
26-Dec-95,10.85
27-Dec-95,14.87
28-Dec-95,14.88
29-Dec-95,13.87
30-Dec-95,12.14
31-Dec-95,18.22
1-Jan-96,17.91
2-Jan-96,17.41
3-Jan-96,20.01
4-Jan-96,15.31
5-Jan-96,16.62
6-Jan-96,14.29
7-Jan-96,19.96
8-Jan-96,11.27
9-Jan-96,10.09
10-Jan-96,12.9
11-Jan-96,13.03
12-Jan-96,14.54
13-Jan-96,11.7
14-Jan-96,11.48
15-Jan-96,11.11
16-Jan-96,8.14
17-Jan-96,8.03
18-Jan-96,8.38
19-Jan-96,9.44
20-Jan-96,12.41
21-Jan-96,13.15
22-Jan-96,13.55
23-Jan-96,10.73
24-Jan-96,11.2
25-Jan-96,10.61
26-Jan-96,11.24
27-Jan-96,13.78
28-Jan-96,16.08
29-Jan-96,17.26
30-Jan-96,17.94
31-Jan-96,16.09
1-Feb-96,11.44
2-Feb-96,11.39
3-Feb-96,10.67
4-Feb-96,9.73
5-Feb-96,14.68
6-Feb-96,15.79
7-Feb-96,19.22
8-Feb-96,25.48
9-Feb-96,20.82
10-Feb-96,18.52
11-Feb-96,19.01
12-Feb-96,17.86
13-Feb-96,14.08
14-Feb-96,14.74
15-Feb-96,14.67
16-Feb-96,15.84
17-Feb-96,4.73
18-Feb-96,3.3
19-Feb-96,3.79
20-Feb-96,4.28
21-Feb-96,4.41
22-Feb-96,5.71
23-Feb-96,5.53
24-Feb-96,5.27
25-Feb-96,4.91
26-Feb-96,5.63
27-Feb-96,5.47
28-Feb-96,5.32
29-Feb-96,3.68
1-Mar-96,3.57
2-Mar-96,13.1
3-Mar-96,10.12
4-Mar-96,6.71
5-Mar-96,13.39
6-Mar-96,16.93
7-Mar-96,16.83
8-Mar-96,10.89
9-Mar-96,6.08
10-Mar-96,13.45
11-Mar-96,2606.35
12-Mar-96,4679.95
13-Mar-96,1951.69
14-Mar-96,1411.49
15-Mar-96,504.73
16-Mar-96,253.29
17-Mar-96,748.82
18-Mar-96,388.18
19-Mar-96,1096.16
20-Mar-96,96.49
21-Mar-96,18.25
22-Mar-96,19.06
23-Mar-96,19.61
24-Mar-96,18.59
25-Mar-96,19.01
26-Mar-96,16.06
27-Mar-96,14.77
28-Mar-96,18.63
29-Mar-96,760.96
30-Mar-96,1474.17
31-Mar-96,3603.07
1-Apr-96,3341.33
2-Apr-96,988.76
3-Apr-96,1077.46
4-Apr-96,953.9
5-Apr-96,768.68
6-Apr-96,598.41
7-Apr-96,305.58
8-Apr-96,927.13
9-Apr-96,46
10-Apr-96,48.39
11-Apr-96,459.62
12-Apr-96,487.35
13-Apr-96,91.84
14-Apr-96,25.2
15-Apr-96,25.68
16-Apr-96,30.85
17-Apr-96,395.42
18-Apr-96,540.72
19-Apr-96,189.19
20-Apr-96,24
21-Apr-96,24.75
22-Apr-96,27.18
23-Apr-96,28.92
24-Apr-96,31.24
25-Apr-96,31.97
26-Apr-96,31.83
27-Apr-96,30.86
28-Apr-96,25.52
29-Apr-96,23.78
30-Apr-96,23.18
1-May-96,15.3
2-May-96,15.32
3-May-96,17.14
4-May-96,17.9
5-May-96,18.34
6-May-96,18.75
7-May-96,17.74
8-May-96,17.08
9-May-96,19.67
10-May-96,17.82
11-May-96,19.06
12-May-96,21.5
13-May-96,22.96
14-May-96,16.97
15-May-96,16.23
16-May-96,16.83
17-May-96,16.86
18-May-96,17.01
19-May-96,17.89
20-May-96,20.23
21-May-96,24.94
22-May-96,27.24
23-May-96,32.85
24-May-96,278.41
25-May-96,121.46
26-May-96,42.31
27-May-96,516.43
28-May-96,1900.69
29-May-96,248.72
30-May-96,1748.1
31-May-96,1271.35
1-Jun-96,992.19
2-Jun-96,683.49
3-Jun-96,456.37
4-Jun-96,445.9
5-Jun-96,53.6
6-Jun-96,41.21
7-Jun-96,43.93
8-Jun-96,49.8
9-Jun-96,533.63
10-Jun-96,706.27
11-Jun-96,634.46
12-Jun-96,601.61
13-Jun-96,2117.31
14-Jun-96,1255.72
15-Jun-96,532.69
16-Jun-96,440.55
17-Jun-96,1140.81
18-Jun-96,595.9
19-Jun-96,170.82
20-Jun-96,331.11
21-Jun-96,896.14
22-Jun-96,669.62
23-Jun-96,691.06
24-Jun-96,1830.16
25-Jun-96,1257.13
26-Jun-96,441.43
27-Jun-96,1781.56
28-Jun-96,1361.17
29-Jun-96,501.38
30-Jun-96,494.4
1-Jul-96,741.71
2-Jul-96,640.06
3-Jul-96,311.54
4-Jul-96,307.55
5-Jul-96,850.99
6-Jul-96,1420.62
7-Jul-96,1003.16
8-Jul-96,1309
9-Jul-96,502.1
10-Jul-96,953.06
11-Jul-96,400.5
12-Jul-96,188.23
13-Jul-96,324.62
14-Jul-96,436.67
15-Jul-96,728.63
16-Jul-96,734.34
17-Jul-96,654.68
18-Jul-96,468.44
19-Jul-96,454.54
20-Jul-96,440.84
21-Jul-96,107.34
22-Jul-96,24.5
23-Jul-96,24.55
24-Jul-96,217.34
25-Jul-96,26.21
26-Jul-96,7.73
27-Jul-96,6.96
28-Jul-96,7.64
29-Jul-96,8.61
30-Jul-96,11.66
31-Jul-96,9.89
1-Aug-96,12.07
2-Aug-96,16.43
3-Aug-96,17.81
4-Aug-96,13.72
5-Aug-96,16.9
6-Aug-96,16.77
7-Aug-96,17.56
8-Aug-96,23.36
9-Aug-96,780.44
10-Aug-96,580.47
11-Aug-96,242.57
12-Aug-96,300.15
13-Aug-96,213.74
14-Aug-96,17.96
15-Aug-96,19.82
16-Aug-96,314.02
17-Aug-96,707.06
18-Aug-96,558.68
19-Aug-96,305.9
20-Aug-96,25.21
21-Aug-96,78.17
22-Aug-96,200.74
23-Aug-96,21.98
24-Aug-96,21.95
25-Aug-96,21.3
26-Aug-96,106.55
27-Aug-96,261.4
28-Aug-96,118.91
29-Aug-96,65.1
30-Aug-96,270.11
31-Aug-96,18.97
1-Sep-96,11.92
2-Sep-96,291.26
3-Sep-96,1220.14
4-Sep-96,12.34
5-Sep-96,11.72
6-Sep-96,11.48
7-Sep-96,216.3
8-Sep-96,112.16
9-Sep-96,10.4
10-Sep-96,741.83
11-Sep-96,617.86
12-Sep-96,240.58
13-Sep-96,151.97
14-Sep-96,19.82
15-Sep-96,20.01
16-Sep-96,220.98
17-Sep-96,14.65
18-Sep-96,630.63
19-Sep-96,348.19
20-Sep-96,128.43
21-Sep-96,28.13
22-Sep-96,22.19
23-Sep-96,578.45
24-Sep-96,178.52
25-Sep-96,29.14
26-Sep-96,27.4
27-Sep-96,19.95
28-Sep-96,17.76
29-Sep-96,16.41
30-Sep-96,17.23
1-Oct-96,104.77
2-Oct-96,394.38
3-Oct-96,20.12
4-Oct-96,977.25
5-Oct-96,965.59
6-Oct-96,760.8
7-Oct-96,1451.31
8-Oct-96,1170.92
9-Oct-96,899.38
10-Oct-96,65.77
11-Oct-96,1019.32
12-Oct-96,232.12
13-Oct-96,268.19
14-Oct-96,995.33
15-Oct-96,1120.88
16-Oct-96,1477.33
17-Oct-96,2289.27
18-Oct-96,2195.76
19-Oct-96,308.72
20-Oct-96,537.74
21-Oct-96,1119.13
22-Oct-96,329.02
23-Oct-96,280.49
24-Oct-96,202.21
25-Oct-96,98.27
26-Oct-96,242.27
27-Oct-96,58.33
28-Oct-96,13.27
29-Oct-96,15.07
30-Oct-96,14.94
31-Oct-96,14.71
1-Nov-96,14.75
2-Nov-96,13.08
3-Nov-96,11.25
4-Nov-96,10.36
5-Nov-96,24.07
6-Nov-96,722.11
7-Nov-96,532.05
8-Nov-96,153.01
9-Nov-96,21.14
10-Nov-96,18.96
11-Nov-96,22.18
12-Nov-96,386.53
13-Nov-96,124.28
14-Nov-96,22.69
15-Nov-96,26.15
16-Nov-96,26.07
17-Nov-96,27.22
18-Nov-96,29.95
19-Nov-96,31.58
20-Nov-96,27.1
21-Nov-96,26.28
22-Nov-96,22.52
23-Nov-96,20.33
24-Nov-96,19.76
25-Nov-96,20.26
26-Nov-96,18.42
27-Nov-96,17.05
28-Nov-96,20.18
29-Nov-96,21.65
30-Nov-96,20.99
1-Dec-96,18.95
2-Dec-96,17.55
3-Dec-96,19.06
4-Dec-96,20.29
5-Dec-96,16.63
6-Dec-96,13.18
7-Dec-96,17.95
8-Dec-96,14.97
9-Dec-96,16.83
10-Dec-96,17.34
11-Dec-96,18.34
12-Dec-96,17.9
13-Dec-96,17.53
14-Dec-96,21.41
15-Dec-96,20.47
16-Dec-96,19.41
17-Dec-96,17.96
18-Dec-96,17.72
19-Dec-96,19.13
20-Dec-96,17.7
21-Dec-96,19.59
22-Dec-96,19.43
23-Dec-96,19.66
24-Dec-96,21.93
25-Dec-96,21.48
26-Dec-96,18.91
27-Dec-96,16.51
28-Dec-96,19.95
29-Dec-96,24.61
30-Dec-96,23.83
31-Dec-96,21.61
1-Jan-97,21.64
2-Jan-97,19.42
3-Jan-97,13.42
4-Jan-97,13.29
5-Jan-97,14.97
6-Jan-97,18.91
7-Jan-97,22.31
8-Jan-97,16.08
9-Jan-97,16.55
10-Jan-97,17.39
11-Jan-97,22.82
12-Jan-97,26.68
13-Jan-97,30.73
14-Jan-97,29.89
15-Jan-97,31.04
16-Jan-97,32.29
17-Jan-97,224.31
18-Jan-97,33.12
19-Jan-97,25.36
20-Jan-97,24.27
21-Jan-97,25.94
22-Jan-97,25.67
23-Jan-97,22.44
24-Jan-97,24.04
25-Jan-97,23.4
26-Jan-97,20.7
27-Jan-97,24.18
28-Jan-97,25.9
29-Jan-97,26.39
30-Jan-97,280.62
31-Jan-97,768.42
1-Feb-97,259.79
2-Feb-97,14.57
3-Feb-97,14.97
4-Feb-97,11.23
5-Feb-97,10.83
6-Feb-97,11.53
7-Feb-97,12.87
8-Feb-97,11.78
9-Feb-97,11.33
10-Feb-97,11.84
11-Feb-97,11.32
12-Feb-97,13.51
13-Feb-97,12.22
14-Feb-97,10.8
15-Feb-97,10.74
16-Feb-97,10.86
17-Feb-97,9.45
18-Feb-97,9.34
19-Feb-97,9.68
20-Feb-97,9.16
21-Feb-97,10.47
22-Feb-97,13.58
23-Feb-97,9.39
24-Feb-97,10.7
25-Feb-97,202.13
26-Feb-97,397.44
27-Feb-97,22.59
28-Feb-97,17.13
1-Mar-97,15.9
2-Mar-97,14.9
3-Mar-97,14.87
4-Mar-97,14.4
5-Mar-97,11.48
6-Mar-97,10.65
7-Mar-97,8.6
8-Mar-97,8.04
9-Mar-97,8.35
10-Mar-97,8.8
11-Mar-97,9.28
12-Mar-97,7.37
13-Mar-97,8.42
14-Mar-97,15.63
15-Mar-97,15.16
16-Mar-97,14.72
17-Mar-97,14.2
18-Mar-97,13.25
19-Mar-97,10.82
20-Mar-97,10.64
21-Mar-97,11.92
22-Mar-97,11.21
23-Mar-97,14.84
24-Mar-97,13.95
25-Mar-97,10.15
26-Mar-97,13.01
27-Mar-97,12.72
28-Mar-97,11.26
29-Mar-97,13.11
30-Mar-97,13.74
31-Mar-97,13.48
1-Apr-97,9.42
2-Apr-97,6.44
3-Apr-97,5.27
4-Apr-97,5.34
5-Apr-97,4.93
6-Apr-97,5.41
7-Apr-97,5.74
8-Apr-97,5.01
9-Apr-97,4.71
10-Apr-97,5.4
11-Apr-97,4.91
12-Apr-97,14.47
13-Apr-97,14.15
14-Apr-97,19.38
15-Apr-97,493.13
16-Apr-97,1053.17
17-Apr-97,623.16
18-Apr-97,716.94
19-Apr-97,317.98
20-Apr-97,139.13
21-Apr-97,104.47
22-Apr-97,173.43
23-Apr-97,275.58
24-Apr-97,243.99
25-Apr-97,50.72
26-Apr-97,987.38
27-Apr-97,3197.18
28-Apr-97,2231.84
29-Apr-97,2181.41
30-Apr-97,1268.31
1-May-97,594.55
2-May-97,10.22
3-May-97,12.72
4-May-97,396.47
5-May-97,385.28
6-May-97,9.68
7-May-97,9.32
8-May-97,10.13
9-May-97,11.32
10-May-97,13.08
11-May-97,15.18
12-May-97,22.97
13-May-97,27.57
14-May-97,412.17
15-May-97,423.64
16-May-97,32.77
17-May-97,29.92
18-May-97,22.69
19-May-97,28.33
20-May-97,34.54
21-May-97,423.62
22-May-97,261.73
23-May-97,1024.89
24-May-97,145.22
25-May-97,10.97
26-May-97,13.9
27-May-97,16.07
28-May-97,17.72
29-May-97,19.55
30-May-97,248.63
31-May-97,210.92
1-Jun-97,27.04
2-Jun-97,187.77
3-Jun-97,748.26
4-Jun-97,419.87
5-Jun-97,26.94
6-Jun-97,29.87
7-Jun-97,30.03
8-Jun-97,32.89
9-Jun-97,40.15
10-Jun-97,512.29
11-Jun-97,1092.7
12-Jun-97,352.45
13-Jun-97,32.95
14-Jun-97,675.3
15-Jun-97,2124.41
16-Jun-97,1626.19
17-Jun-97,720.51
18-Jun-97,965.76
19-Jun-97,1222.74
20-Jun-97,722.72
21-Jun-97,614.99
22-Jun-97,378.12
23-Jun-97,780.59
24-Jun-97,765.05
25-Jun-97,679.61
26-Jun-97,307.29
27-Jun-97,457.18
28-Jun-97,449.61
29-Jun-97,420.58
30-Jun-97,720.29
1-Jul-97,236.42
2-Jul-97,573.08
3-Jul-97,1348.64
4-Jul-97,806.4
5-Jul-97,453.71
6-Jul-97,457.66
7-Jul-97,871.08
8-Jul-97,765.34
9-Jul-97,459.97
10-Jul-97,749.74
11-Jul-97,601.37
12-Jul-97,455.68
13-Jul-97,444.74
14-Jul-97,721.73
15-Jul-97,609.68
16-Jul-97,393.83
17-Jul-97,33.92
18-Jul-97,708.2
19-Jul-97,924.29
20-Jul-97,1399.52
21-Jul-97,2316.16
22-Jul-97,1878.32
23-Jul-97,1621.13
24-Jul-97,1749.46
25-Jul-97,2135.58
26-Jul-97,1478.03
27-Jul-97,998.49
28-Jul-97,1065.82
29-Jul-97,1094.17
30-Jul-97,916.81
31-Jul-97,745.35
1-Aug-97,536.81
2-Aug-97,1475.12
3-Aug-97,709.8
4-Aug-97,1640.67
5-Aug-97,1097.06
6-Aug-97,929.29
7-Aug-97,1250.64
8-Aug-97,1576.59
9-Aug-97,1923.78
10-Aug-97,1665.89
11-Aug-97,1724.15
12-Aug-97,1328.83
13-Aug-97,1259.23
14-Aug-97,1250.62
15-Aug-97,1273.44
16-Aug-97,1315.68
17-Aug-97,1141.06
18-Aug-97,2014.99
19-Aug-97,1684.47
20-Aug-97,1491.84
21-Aug-97,1214.77
22-Aug-97,1538.39
23-Aug-97,1347.95
24-Aug-97,1188.39
25-Aug-97,1335.41
26-Aug-97,1056.14
27-Aug-97,921.32
28-Aug-97,586.13
29-Aug-97,725.17
30-Aug-97,349.04
31-Aug-97,411.18
1-Sep-97,708.66
2-Sep-97,607.45
3-Sep-97,557.92
4-Sep-97,483.76
5-Sep-97,1542.62
6-Sep-97,731.78
7-Sep-97,515.75
8-Sep-97,728.37
9-Sep-97,329.68
10-Sep-97,355.88
11-Sep-97,173.16
12-Sep-97,409.55
13-Sep-97,720.27
14-Sep-97,659.31
15-Sep-97,826.18
16-Sep-97,710.1
17-Sep-97,242.72
18-Sep-97,662.43
19-Sep-97,278.95
20-Sep-97,104.24
21-Sep-97,267.58
22-Sep-97,11.52
23-Sep-97,11.39
24-Sep-97,11.15
25-Sep-97,11.31
26-Sep-97,11.44
27-Sep-97,137.76
28-Sep-97,1458.92
29-Sep-97,1385.82
30-Sep-97,947.42
1-Oct-97,939.47
2-Oct-97,451.18
3-Oct-97,83.56
4-Oct-97,11.7
5-Oct-97,10.66
6-Oct-97,11.38
7-Oct-97,11.92
8-Oct-97,12.99
9-Oct-97,19.6
10-Oct-97,19.59
11-Oct-97,173.54
12-Oct-97,30.36
13-Oct-97,516.31
14-Oct-97,21.08
15-Oct-97,25.92
16-Oct-97,58.97
17-Oct-97,435.4
18-Oct-97,254.82
19-Oct-97,39.32
20-Oct-97,11.87
21-Oct-97,10.47
22-Oct-97,68.96
23-Oct-97,9.79
24-Oct-97,12.87
25-Oct-97,12.16
26-Oct-97,12.72
27-Oct-97,11.55
28-Oct-97,3.9
29-Oct-97,4.66
30-Oct-97,4.9
31-Oct-97,7.17
1-Nov-97,8.27
2-Nov-97,11.33
3-Nov-97,11.85
4-Nov-97,118.87
5-Nov-97,10.88
6-Nov-97,11.46
7-Nov-97,323.03
8-Nov-97,8.72
9-Nov-97,9.14
10-Nov-97,9.87
11-Nov-97,8.04
12-Nov-97,9.32
13-Nov-97,11
14-Nov-97,13.86
15-Nov-97,192.1
16-Nov-97,14.76
17-Nov-97,12.28
18-Nov-97,16.59
19-Nov-97,20.18
20-Nov-97,12.71
21-Nov-97,570.09
22-Nov-97,15.54
23-Nov-97,17.97
24-Nov-97,292.48
25-Nov-97,370.78
26-Nov-97,341.62
27-Nov-97,238.59
28-Nov-97,235.33
29-Nov-97,21.58
30-Nov-97,11.95
1-Dec-97,11.65
2-Dec-97,16.43
3-Dec-97,38.42
4-Dec-97,628.98
5-Dec-97,47.48
6-Dec-97,10.65
7-Dec-97,11.72
8-Dec-97,17.95
9-Dec-97,210.99
10-Dec-97,244.1
11-Dec-97,241.05
12-Dec-97,237.7
13-Dec-97,45.89
14-Dec-97,860.83
15-Dec-97,1404.85
16-Dec-97,593.68
17-Dec-97,395.45
18-Dec-97,264.83
19-Dec-97,313.95
20-Dec-97,277.69
21-Dec-97,302.15
22-Dec-97,80.61
23-Dec-97,97.49
24-Dec-97,302.47
25-Dec-97,198.23
26-Dec-97,15.24
27-Dec-97,669.36
28-Dec-97,1544.76
29-Dec-97,808.53
30-Dec-97,527.49
31-Dec-97,260.15
1-Jan-98,476.83
2-Jan-98,424.6
3-Jan-98,123.09
4-Jan-98,22.24
5-Jan-98,396.28
6-Jan-98,769.23
7-Jan-98,539.69
8-Jan-98,251.37
9-Jan-98,1230.99
10-Jan-98,130.39
11-Jan-98,442.32
12-Jan-98,771.72
13-Jan-98,759.05
14-Jan-98,334.78
15-Jan-98,513.41
16-Jan-98,1235.2
17-Jan-98,788.5
18-Jan-98,629.39
19-Jan-98,745.2
20-Jan-98,575.03
21-Jan-98,422.77
22-Jan-98,675.24
23-Jan-98,941.7
24-Jan-98,1009.89
25-Jan-98,911.75
26-Jan-98,144.21
27-Jan-98,20.03
28-Jan-98,464.22
29-Jan-98,89.67
30-Jan-98,404.82
31-Jan-98,239.15
1-Feb-98,241.75
2-Feb-98,1265.75
3-Feb-98,2374.59
4-Feb-98,1840.61
5-Feb-98,1296.14
6-Feb-98,880.49
7-Feb-98,965.82
8-Feb-98,1213.99
9-Feb-98,1183.75
10-Feb-98,715.96
11-Feb-98,311.28
12-Feb-98,120.82
13-Feb-98,192.03
14-Feb-98,172.11
15-Feb-98,235.13
16-Feb-98,3656.18
17-Feb-98,3570.05
18-Feb-98,3036.43
19-Feb-98,2251.28
20-Feb-98,2104.15
21-Feb-98,1587.06
22-Feb-98,1360.52
23-Feb-98,759.64
24-Feb-98,423.94
25-Feb-98,411.17
26-Feb-98,625.83
27-Feb-98,468.42
28-Feb-98,448.01
1-Mar-98,594.42
2-Mar-98,720.34
3-Mar-98,711.14
4-Mar-98,637.5
5-Mar-98,289.26
6-Mar-98,20.84
7-Mar-98,20.4
8-Mar-98,19.22
9-Mar-98,1359.32
10-Mar-98,727.05
11-Mar-98,25.81
12-Mar-98,22.92
13-Mar-98,21.79
14-Mar-98,246.79
15-Mar-98,258.95
16-Mar-98,257.44
17-Mar-98,252.69
18-Mar-98,253.34
19-Mar-98,1972.84
20-Mar-98,3296.6
21-Mar-98,2695.36
22-Mar-98,1758.76
23-Mar-98,1620.16
24-Mar-98,1081.85
25-Mar-98,877.5
26-Mar-98,722.5
27-Mar-98,707.85
28-Mar-98,693.25
29-Mar-98,132.35
30-Mar-98,15.39
31-Mar-98,16.33
1-Apr-98,18.99
2-Apr-98,67.94
3-Apr-98,16.99
4-Apr-98,15.29
5-Apr-98,10.77
6-Apr-98,11.56
7-Apr-98,12.33
8-Apr-98,13.54
9-Apr-98,12.19
10-Apr-98,8.66
11-Apr-98,8.6
12-Apr-98,10.5
13-Apr-98,11.36
14-Apr-98,11.05
15-Apr-98,10.86
16-Apr-98,10.65
17-Apr-98,10.1
18-Apr-98,9.09
19-Apr-98,9.02
20-Apr-98,12.83
21-Apr-98,9.31
22-Apr-98,6.35
23-Apr-98,6.67
24-Apr-98,6.09
25-Apr-98,5.47
26-Apr-98,6.85
27-Apr-98,24.96
28-Apr-98,73.37
29-Apr-98,5.26
30-Apr-98,8.7
1-May-98,1562.94
2-May-98,924.34
3-May-98,730.47
4-May-98,182.48
5-May-98,424.97
6-May-98,840.77
7-May-98,429.78
8-May-98,240.53
9-May-98,234.8
10-May-98,233.39
11-May-98,180.24
12-May-98,3.05
13-May-98,3.31
14-May-98,3
15-May-98,2.57
16-May-98,2.04
17-May-98,1.74
18-May-98,2.05
19-May-98,2.21
20-May-98,6.52
21-May-98,6.64
22-May-98,1.56
23-May-98,0.89
24-May-98,1.15
25-May-98,2.19
26-May-98,3.29
27-May-98,3.51
28-May-98,4.62
29-May-98,6.23
30-May-98,9.24
31-May-98,10.93
1-Jun-98,14.7
2-Jun-98,199.3
3-Jun-98,11.7
4-Jun-98,10.24
5-Jun-98,9.28
6-Jun-98,8.41
7-Jun-98,6
8-Jun-98,23.7
9-Jun-98,8.26
10-Jun-98,8.67
11-Jun-98,14.48
12-Jun-98,18.93
13-Jun-98,19.36
14-Jun-98,16.5
15-Jun-98,17.24
16-Jun-98,25.52
17-Jun-98,31.14
18-Jun-98,29.13
19-Jun-98,28.43
20-Jun-98,36.69
21-Jun-98,34.16
22-Jun-98,34.89
23-Jun-98,36.88
24-Jun-98,31.94
25-Jun-98,29.44
26-Jun-98,28.15
27-Jun-98,24.84
28-Jun-98,24.21
29-Jun-98,23.6
30-Jun-98,21.14
1-Jul-98,15.43
2-Jul-98,14.97
3-Jul-98,13.33
4-Jul-98,14.01
5-Jul-98,15.7
6-Jul-98,14.01
7-Jul-98,12.59
8-Jul-98,13.94
9-Jul-98,17.92
10-Jul-98,13.15
11-Jul-98,9.59
12-Jul-98,10.5
13-Jul-98,466.8
14-Jul-98,808.95
15-Jul-98,177.24
16-Jul-98,27.41
17-Jul-98,27.83
18-Jul-98,27.19
19-Jul-98,27.49
20-Jul-98,359.58
21-Jul-98,482.25
22-Jul-98,696.56
23-Jul-98,292.97
24-Jul-98,21.76
25-Jul-98,23.1
26-Jul-98,29.37
27-Jul-98,28.76
28-Jul-98,36.33
29-Jul-98,19.95
30-Jul-98,14.48
31-Jul-98,19.36
1-Aug-98,18.49
2-Aug-98,22.64
3-Aug-98,35.72
4-Aug-98,30.48
5-Aug-98,225.04
6-Aug-98,2662.76
7-Aug-98,2106.63
8-Aug-98,1103.83
9-Aug-98,975.59
10-Aug-98,973.64
11-Aug-98,875.72
12-Aug-98,338.04
13-Aug-98,40.36
14-Aug-98,29.24
15-Aug-98,31.11
16-Aug-98,411.14
17-Aug-98,658.01
18-Aug-98,826.41
19-Aug-98,166.97
20-Aug-98,450.54
21-Aug-98,1242.77
22-Aug-98,1256.71
23-Aug-98,1224.02
24-Aug-98,310.32
25-Aug-98,588.08
26-Aug-98,326.32
27-Aug-98,44.04
28-Aug-98,164.86
29-Aug-98,33.18
30-Aug-98,35.95
31-Aug-98,37.62
1-Sep-98,40.38
2-Sep-98,42.62
3-Sep-98,1006.15
4-Sep-98,452.3
5-Sep-98,481.29
6-Sep-98,485.38
7-Sep-98,494.08
8-Sep-98,507.72
9-Sep-98,992.66
10-Sep-98,1059.92
11-Sep-98,494.67
12-Sep-98,456.71
13-Sep-98,228.15
14-Sep-98,39.76
15-Sep-98,43.39
16-Sep-98,1178.96
17-Sep-98,1231.04
18-Sep-98,2068.97
19-Sep-98,1673.98
20-Sep-98,2231.89
21-Sep-98,2441.87
22-Sep-98,2310.54
23-Sep-98,2008.55
24-Sep-98,1926.61
25-Sep-98,2850.73
26-Sep-98,1613.64
27-Sep-98,2313.28
28-Sep-98,931.61
29-Sep-98,1125.65
30-Sep-98,1418.52
1-Oct-98,1368.89
2-Oct-98,1321.88
3-Oct-98,1271.79
4-Oct-98,858.81
5-Oct-98,195.12
6-Oct-98,50.55
7-Oct-98,46.11
8-Oct-98,44.36
9-Oct-98,44.99
10-Oct-98,45.61
11-Oct-98,45.03
12-Oct-98,462.52
13-Oct-98,858.31
14-Oct-98,204.94
15-Oct-98,40.28
16-Oct-98,38.87
17-Oct-98,33.91
18-Oct-98,30.19
19-Oct-98,31.03
20-Oct-98,32.85
21-Oct-98,45.83
22-Oct-98,37.3
23-Oct-98,23.53
24-Oct-98,21.97
25-Oct-98,18.95
26-Oct-98,19.64
27-Oct-98,17.62
28-Oct-98,18.86
29-Oct-98,17.9
30-Oct-98,16.59
31-Oct-98,15.78
1-Nov-98,16.43
2-Nov-98,16.75
3-Nov-98,110.27
4-Nov-98,511.14
5-Nov-98,4678.1
6-Nov-98,5507.19
7-Nov-98,3868.84
8-Nov-98,3079.16
9-Nov-98,1827.22
10-Nov-98,1838.13
11-Nov-98,1337.08
12-Nov-98,975.16
13-Nov-98,977.8
14-Nov-98,645.73
15-Nov-98,506.66
16-Nov-98,276.74
17-Nov-98,300.06
18-Nov-98,297.28
19-Nov-98,144.81
20-Nov-98,22.59
21-Nov-98,22.04
22-Nov-98,21.85
23-Nov-98,30.95
24-Nov-98,76.35
25-Nov-98,581.36
26-Nov-98,791.78
27-Nov-98,365.7
28-Nov-98,18.13
29-Nov-98,18.11
30-Nov-98,16.56
1-Dec-98,16.32
2-Dec-98,17.96
3-Dec-98,19.85
4-Dec-98,23.93
5-Dec-98,24.58
6-Dec-98,18.35
7-Dec-98,19.04
8-Dec-98,22.37
9-Dec-98,19.94
10-Dec-98,18.05
11-Dec-98,19.01
12-Dec-98,20.44
13-Dec-98,23.8
14-Dec-98,18.69
15-Dec-98,144.23
16-Dec-98,106.23
17-Dec-98,8.07
18-Dec-98,6.19
19-Dec-98,6.93
20-Dec-98,8.26
21-Dec-98,10.54
22-Dec-98,13.18
23-Dec-98,9.42
24-Dec-98,10.11
25-Dec-98,11.88
26-Dec-98,13.93
27-Dec-98,13.75
28-Dec-98,20.05
29-Dec-98,12.09
30-Dec-98,10.91
31-Dec-98,11.26
1-Jan-99,11.58
2-Jan-99,13.81
3-Jan-99,19.15
4-Jan-99,15.92
5-Jan-99,15.21
6-Jan-99,14.51
7-Jan-99,12.76
8-Jan-99,13.46
9-Jan-99,15.98
10-Jan-99,15.94
11-Jan-99,16.19
12-Jan-99,14.94
13-Jan-99,14.75
14-Jan-99,17.85
15-Jan-99,20.2
16-Jan-99,21.19
17-Jan-99,21.08
18-Jan-99,19.32
19-Jan-99,12.83
20-Jan-99,14.67
21-Jan-99,15.73
22-Jan-99,16.97
23-Jan-99,17.53
24-Jan-99,18.08
25-Jan-99,15.62
26-Jan-99,23.18
27-Jan-99,23.56
28-Jan-99,17.34
29-Jan-99,17.24
30-Jan-99,12.57
31-Jan-99,11.28
1-Feb-99,192.89
2-Feb-99,631.89
3-Feb-99,510.57
4-Feb-99,13.65
5-Feb-99,16.77
6-Feb-99,14.68
7-Feb-99,12.56
8-Feb-99,10.97
9-Feb-99,11.84
10-Feb-99,9.51
11-Feb-99,7
12-Feb-99,7.47
13-Feb-99,8.81
14-Feb-99,9.48
15-Feb-99,9.4
16-Feb-99,9.51
17-Feb-99,8.1
18-Feb-99,7.07
19-Feb-99,6.66
20-Feb-99,4.73
21-Feb-99,5.97
22-Feb-99,3.85
23-Feb-99,3.92
24-Feb-99,6.81
25-Feb-99,3.65
26-Feb-99,6.71
27-Feb-99,3.62
28-Feb-99,3.23
1-Mar-99,1.79
2-Mar-99,1.29
3-Mar-99,2.54
4-Mar-99,1.77
5-Mar-99,3.3
6-Mar-99,6.08
7-Mar-99,5.14
8-Mar-99,2.63
9-Mar-99,2.59
10-Mar-99,2.11
11-Mar-99,0.48
12-Mar-99,0.51
13-Mar-99,0.88
14-Mar-99,1.56
15-Mar-99,0.95
16-Mar-99,0.05
17-Mar-99,0.32
18-Mar-99,0.83
19-Mar-99,2.59
20-Mar-99,1.26
21-Mar-99,1.01
22-Mar-99,0.11
23-Mar-99,0
24-Mar-99,0.05
25-Mar-99,0.03
26-Mar-99,0.01
27-Mar-99,0
28-Mar-99,0
29-Mar-99,0
30-Mar-99,0
31-Mar-99,0
1-Apr-99,0
2-Apr-99,0
3-Apr-99,0
4-Apr-99,0
5-Apr-99,0
6-Apr-99,0
7-Apr-99,0
8-Apr-99,0
9-Apr-99,0
10-Apr-99,0
11-Apr-99,0
12-Apr-99,0
13-Apr-99,0
14-Apr-99,0
15-Apr-99,0
16-Apr-99,0
17-Apr-99,0
18-Apr-99,0
19-Apr-99,0
20-Apr-99,0
21-Apr-99,0
22-Apr-99,0
23-Apr-99,0
24-Apr-99,0
25-Apr-99,0
26-Apr-99,0
27-Apr-99,0
28-Apr-99,0
29-Apr-99,0
30-Apr-99,0
1-May-99,0
2-May-99,0
3-May-99,0
4-May-99,0
5-May-99,0
6-May-99,0
7-May-99,0
8-May-99,0
9-May-99,0.02
10-May-99,0.25
11-May-99,0
12-May-99,0.1
13-May-99,0.29
14-May-99,0.54
15-May-99,0.15
16-May-99,0.2
17-May-99,0
18-May-99,0.16
19-May-99,0.28
20-May-99,0
21-May-99,0
22-May-99,0
23-May-99,0
24-May-99,0
25-May-99,4.7
26-May-99,0.25
27-May-99,0
28-May-99,0.03
29-May-99,0
30-May-99,0.08
31-May-99,0.01
1-Jun-99,0.6
2-Jun-99,1.76
3-Jun-99,6.13
4-Jun-99,4.14
5-Jun-99,0.62
6-Jun-99,0.44
7-Jun-99,4.53
8-Jun-99,802.59
9-Jun-99,2243.19
10-Jun-99,1027.1
11-Jun-99,942.18
12-Jun-99,961.06
13-Jun-99,371.02
14-Jun-99,203.92
15-Jun-99,682.33
16-Jun-99,1195.99
17-Jun-99,1829.26
18-Jun-99,3667.66
19-Jun-99,3847.11
20-Jun-99,1993.97
21-Jun-99,1712.95
22-Jun-99,2806.45
23-Jun-99,1916.34
24-Jun-99,1238.01
25-Jun-99,1577.77
26-Jun-99,2869.26
27-Jun-99,2355.82
28-Jun-99,2450.5
29-Jun-99,2004.13
30-Jun-99,1905.03
1-Jul-99,1920.93
2-Jul-99,2401.99
3-Jul-99,1960.06
4-Jul-99,1605.67
5-Jul-99,1466.51
6-Jul-99,1307.39
7-Jul-99,1302.32
8-Jul-99,937.87
9-Jul-99,704.62
10-Jul-99,803.02
11-Jul-99,537.4
12-Jul-99,717.87
13-Jul-99,671.74
14-Jul-99,268.22
15-Jul-99,457.7
16-Jul-99,340.64
17-Jul-99,74.36
18-Jul-99,276.85
19-Jul-99,1661.96
20-Jul-99,1054.66
21-Jul-99,858.45
22-Jul-99,814.42
23-Jul-99,1072.05
24-Jul-99,742.48
25-Jul-99,452.69
26-Jul-99,341.81
27-Jul-99,229.65
28-Jul-99,121.08
29-Jul-99,18.01
30-Jul-99,17.03
31-Jul-99,19.71
1-Aug-99,20.27
2-Aug-99,16.94
3-Aug-99,11.57
4-Aug-99,298.74
5-Aug-99,349.1
6-Aug-99,421.76
7-Aug-99,539.75
8-Aug-99,245.32
9-Aug-99,241.64
10-Aug-99,233.94
11-Aug-99,228.38
12-Aug-99,230.38
13-Aug-99,429.73
14-Aug-99,664.43
15-Aug-99,552.18
16-Aug-99,793.16
17-Aug-99,331.56
18-Aug-99,1225.82
19-Aug-99,1473.65
20-Aug-99,1840.61
21-Aug-99,927.68
22-Aug-99,1031.13
23-Aug-99,1549.74
24-Aug-99,2168.54
25-Aug-99,1613.87
26-Aug-99,674.8
27-Aug-99,986.92
28-Aug-99,252.48
29-Aug-99,29.49
30-Aug-99,30.98
31-Aug-99,457.67
1-Sep-99,1067.2
2-Sep-99,519.77
3-Sep-99,512.92
4-Sep-99,509.83
5-Sep-99,504.35
6-Sep-99,496.28
7-Sep-99,491.33
8-Sep-99,483.69
9-Sep-99,494.41
10-Sep-99,1105.51
11-Sep-99,902.09
12-Sep-99,1700.37
13-Sep-99,1947.03
14-Sep-99,1775.54
15-Sep-99,626.3
16-Sep-99,511.11
17-Sep-99,988.92
18-Sep-99,957.21
19-Sep-99,867.93
20-Sep-99,2594.49
21-Sep-99,1514.6
22-Sep-99,183.36
23-Sep-99,1330.36
24-Sep-99,905.7
25-Sep-99,301.79
26-Sep-99,595.21
27-Sep-99,1335.76
28-Sep-99,1259.89
29-Sep-99,451.35
30-Sep-99,460.39
1-Oct-99,1019.45
2-Oct-99,588.01
3-Oct-99,443.51
4-Oct-99,441.13
5-Oct-99,2128.49
6-Oct-99,1716.42
7-Oct-99,855.11
8-Oct-99,4249.15
9-Oct-99,5642.1
10-Oct-99,3589.55
11-Oct-99,2558.05
12-Oct-99,2328.53
13-Oct-99,2264.51
14-Oct-99,2530.05
15-Oct-99,3164.04
16-Oct-99,7074.59
17-Oct-99,7228.94
18-Oct-99,5377.98
19-Oct-99,3773.97
20-Oct-99,3438.73
21-Oct-99,4561.11
22-Oct-99,3477.07
23-Oct-99,2208.4
24-Oct-99,1959.13
25-Oct-99,704.26
26-Oct-99,1150.89
27-Oct-99,1571.18
28-Oct-99,1219.94
29-Oct-99,1024.95
30-Oct-99,594.56
31-Oct-99,179.32
1-Nov-99,2356.6
2-Nov-99,217.76
3-Nov-99,89.8
4-Nov-99,454.5
5-Nov-99,19.76
6-Nov-99,19.7
7-Nov-99,405.48
8-Nov-99,492.43
9-Nov-99,482.89
10-Nov-99,469.52
11-Nov-99,462.9
12-Nov-99,271.61
13-Nov-99,18.12
14-Nov-99,20.37
15-Nov-99,21.96
16-Nov-99,20.44
17-Nov-99,20.36
18-Nov-99,19.48
19-Nov-99,20.07
20-Nov-99,22.7
21-Nov-99,22.23
22-Nov-99,24.17
23-Nov-99,28.09
24-Nov-99,11.3
25-Nov-99,11.88
26-Nov-99,11.21
27-Nov-99,10.77
28-Nov-99,9.55
29-Nov-99,11.99
30-Nov-99,11.62
1-Dec-99,9.34
2-Dec-99,10.33
3-Dec-99,12.45
4-Dec-99,10.56
5-Dec-99,11.2
6-Dec-99,11.38
7-Dec-99,11.36
8-Dec-99,12.69
9-Dec-99,11.38
10-Dec-99,10.19
11-Dec-99,11.55
12-Dec-99,9.74
13-Dec-99,7.64
14-Dec-99,8.23
15-Dec-99,8.29
16-Dec-99,8.16
17-Dec-99,8.56
18-Dec-99,10.84
19-Dec-99,9.26
20-Dec-99,8.93
21-Dec-99,11.97
22-Dec-99,9.02
23-Dec-99,8.53
24-Dec-99,9.14
25-Dec-99,8.79
26-Dec-99,7.37
27-Dec-99,13.1
28-Dec-99,16.82
29-Dec-99,7.19
30-Dec-99,8.04
31-Dec-99,7.04
